优先级,优先级建议,区域,企业名称,省市,城市,官网（本轮核实）,官网主营（反向验证）,验证结论与修正,交叉验证（多源对照）,联系电话,邮箱,详细地址,社媒（公众号 / 抖音 / 1688 / 其他）,触达路径（细化到联系方式）,行业细分,主营业务（名单口径）,适配案例,初筛分(企业侧/35),成功面,失败面·待核实,建议切入点,来源,信息可靠度,核实日期
S,维持 S —— 160 人 / 3 亿产值已官网证实，正中甜点,长三角,上海雅轩办公家具有限公司,上海,上海嘉定,https://www.spacein.cn（待首页复核）,系统家具 · 空间智能化整体解决方案 · 办公/医疗/教育家具（研发设计生产销售售后）,✓ 一致：2002 年创立、注册资本 10800 万、员工 160 多人、年产值超 3 亿、两个生产基地（海安 + 宁波）共 5 万㎡+ —— 与名单里的『160 人/3 亿/双基地』完全对上,官网 spacein.cn/artlandspace.com ∩ 品牌榜企业页（maigoo 61934）∩ 2024-03「中国家具招标万里行」专访 → 2002 年创立 / 注册资本 10800 万 / 员工 160 多人 / 年产值超 3 亿 / 海安 + 宁波双基地 5 万㎡+ 三方一致；**办公地两版本**（工商注册：嘉定金沙江西路 568 号 B 栋；运营中心：浦东张江浦软大厦 12 楼）→ 两处并存，寄样与拜访先电话确认,021-51082835（嘉定总部）· 021-52691368（黄浦区徐家汇路 358 号 208 室）· 13916424168,,上海市嘉定区江桥镇金沙江西路 568 号 B 栋 10 层,微信公众号（官网「扫一扫 关注我们的微信」）,总机 021-51082835 转生产/信息负责人；021-52691368 为市区办；邮件先发案例 PDF 再打电话,系统家具,医疗/教育/办公家具、空间智能化整体方案,案例B,28,160人/3亿产值正中甜点；双基地+六品牌→组织隔离与权限需求；三条业务线毛利口径差异大,多基地企业怕影响交付，必须用只读驾驶舱打开；六品牌可能有多套小系统；上海招人成本高，对接人易换,老板手机上的三个数字：在手订单/业务线毛利/异常待办,品牌榜企业页 + city8 企业地址页 · 核实日 2026-09-11,中,2026-09-11
S,新增·优先接触 —— 新三板挂牌（870098）、员工 290 人、5 万㎡工厂：规模正中甜点，且出口 100+ 国自带溯源压力,长三角,江苏赛康医疗设备股份有限公司,江苏,苏州张家港,https://www.jssaikang.com,医疗护理设备与解决方案：16 大品类、500+ 系列（护理床 / 医用推车 / 担架 / 手术床 / 医护配套）,✓ 一致并更强：官网 + 新三板公开披露（870098）证实——2002 年成立、员工 290 人、注册资本 2572 万、5 万㎡工厂、产品用于全球 100+ 国家与国内超千家医疗机构（含 37% 以上三甲医院）。原判断「医用家具」偏窄，实际是「设备 + 家具」双线，齐套与安装场景更重,官网 ∩ 新三板 F10（870098）∩ 3618 医疗器械网 → 主体与产能一致；**人数三版**：披露 290 人 / 官网「近百名员工轮班」/ 行业库「全球雇员 400+、17 省市办事处」→ 取披露口径，现场核实,0512-58652968（公司总机）· 400-828-7009（全国热线）· 17701563232,2355550558@qq.com,江苏省张家港市现代农业示范园区乐红路 35 号（办公：张家港市国泰新天地广场 14 楼）,微信公众号（官网底部二维码入口）；无独立抖音号,先拨 400-828-7009 转市场部，问「医用推车/护理床是否按项目批次交付、有没有序列号台账」；同时看新三板年报里的存货与在制披露（免费且最新）。对口人是运营/供应链负责人，不是前台,医疗设备·护理家具,医疗病床、护理床、医用推车、担架、手术床等护理设备与家具,案例 B,27,新三板挂牌（信息披露压力 + 治理规范）、出口 100+ 国（批次溯源硬要求）、品类 500+ SKU（多品种小批量齐套）,以设备为主、家具为辅，可能已有简易条码系统；出口业务或已上 ERP 含追溯模块；需现场确认打标设备与在制管理现状,从「出口订单齐套 + 批次反查」进：一次发货少一件配件，海外客户索赔的账最直观,官网 jssaikang.com · 东方财富新三板 F10（870098）· 3618 医疗器械网 · 2026-09-12 核实,高（新三板公开披露 + 官网）,2026-09-12
A,新增·优先接触（案例 A 同构）—— 线缆天生是「卷材 + 长度计量 + 铜价波动」生意：呆滞、倒冲、余料三件事全对上；官网数据自相矛盾，正好电话核,长三角,无锡市明珠电缆有限公司,江苏,无锡宜兴,http://www.mingzhucable.com,电线电缆研发制造：电力电缆、架空导线、电气装备用电线电缆（含船用/矿用/机车车辆/新能源等特种电缆）,△ 官网内部口径不一致（同一站两处）：首页简介「员工 400 余名 · 设备 500 余台套 · 年产能 20 亿元」vs「公司简介」页「员工 500 余名 · 设备 800 余台套 · 年生产能力 30 亿元」→ 规模取区间（400–500 人 / 20–30 亿产能），现场核实,官网（两处口径冲突）∩ 国际船舶网企业站（联系人/地址/主营船用电缆）∩ 行业榜（电缆百强）→ 地址与主营一致；**人数与产能两版并存**，属典型「官网内容多年未同步」→ 接触时以「核实产能」为由开场最自然,4008-737-393（服务热线）· 13585119735 / 13636434361（船用电缆板块联系人）,254043667@qq.com,江苏省宜兴市官林镇工业 A 区 18 号,未采到公众号入口；行业触点：国际船舶网企业站（船用电缆类目）,打 4008-737-393 转销售/生产，先问「一卷电缆从拉丝到成缆，长度与铜耗怎么记」——他们每天在算铜价与损耗，这句话能立刻建立专业感,线缆·连续加工,35kV 及以下电力电缆、架空导线、电气装备用电缆（矿用/船用/机车车辆/仪表连接线/阻燃耐火/新能源）,案例 A,26,连续加工（拉丝→绞线→挤出→成缆）+ 长度计量（倒冲精度天然对标案例 A）+ 铜价波动（呆滞与资金占用）+ 船用/矿用认证（追溯要求）,官网口径不一致说明内部数据管理松散（好事也是难事）；铜价风险可能已有期货/ERP 模块；宜兴官林是电缆重镇、同质化竞争激烈,「铜价 + 呆滞 + 倒冲精度」三件套：用案例 A 的 30/90/180 分档直接搬,官网 mingzhucable.com · 国际船舶网企业站 · 电缆行业百强榜 · 2026-09-12 核实,中高（官网 + 行业站；官网数据需现场核）,2026-09-12
A,新增·优先接触（案例 A 同行业）—— 900 亩厂区、8 条镀锌线 + 自建彩涂线，规模与工序完整度都正对案例 A；无独立官网，走电话 + 招聘口接触,长三角,江苏大力神科技股份有限公司,江苏,镇江丹阳,无独立官网（B2B 商铺：机电之家/名优资源网等；招聘信息在丹阳招聘网与高校就业网）,电商/黄页口径：轧硬卷、彩涂卷（板）、镀锌卷（板），厚度 0.15–0.8mm、宽度 800–1250mm，可按客户要求定颜色,△ 部分：无官网可验，靠工商 + 招聘 + B2B 商铺交叉——900 亩厂区、8 条镀锌生产线（采用美钢联法二锅三位热浸镀锌工艺）、彩涂线配三辊涂装与自动膜厚控制仪；招聘页面显示「公司规模 100–1000 人」、2025 年 4 月仍在招电气/机械/自动化专业（扩产信号）。工艺描述与案例 A 高度吻合，但设备清单与当前在产状态需电话核实,B2B 商铺 ∩ 招聘平台（100–1000 人）∩ 高校就业网（2025-04 招聘）→ 主体与地址一致；**无官网**，工艺与产线口径多为 2013 年前后 → 交叉验证只能确认「在产」，规模需电话核,0511-86968388（公司）· 13775330861（李伟，客户经理）,1599246828@qq.com（招聘/简历接收）,江苏省镇江市丹阳市经济开发区机场路 95 号,无官微/抖音线索；以 B2B 商铺（名优资源网、机电之家）+ 招聘平台为线上触点,先打 0511-86968388 转生产/设备，问「8 条镀锌线 + 彩涂线，换规格时的排产与膜厚/色差记录怎么留」；招聘邮箱可反向确认信息化岗位是否在招（有则预算已在）,卷材加工·镀锌彩涂,镀锌卷（板）、彩涂卷（板）、轧硬卷（8 条镀锌线 + 彩涂线）,案例 A,26,案例 A 同工艺（连续辊涂 + 多规格 + 色差/膜厚管控）、900 亩重资产（停机损失大）、2025 年仍在招自动化专业（扩产期）,无官网、公开信息多为 2013 年前后的 B2B 口径，产线增减与当前规模需核实；重资产企业决策慢,用案例 A 的「呆滞分档 + 倒冲精度」原话进，把同行的话摆在桌面上,名优资源网/机电之家商铺 · 丹阳招聘网 · 东南大学就业网（2025-04 招聘）· 2026-09-12 核实,中（无官网，以工商+招聘+B2B 交叉；部分口径老旧）,2026-09-12
A,新增·优先接触 —— 自带软件基因（智慧护理系统）反而说明「硬件交付仍靠人管」，2010 年成立、101–500 人、B 轮融资,长三角,苏州德品医疗科技股份有限公司,江苏,苏州高新区,http://www.szdepin.com,智慧医疗护理系统整体解决方案：1.0 基础护理系统 / 2.0 智慧护理 / 3.0 互联网+护理；护士站、治疗室、病区工作站,✓ 一致：官网 + 公开投融资信息证实——2010 年成立，坐落苏州高新区国家医疗器械产业园，服务国内 500+ 三甲医院、累计 1000+ 医疗机构，产品覆盖 20 多个省市；官网自述「以物联网+理念为指引」，说明其定位在系统集成而非单一家具,官网 ∩ 投融资数据库（101–500 人）∩ 环球医药网（地址/电话一致）→ 一致；B 轮融资与「服务 500+ 三甲」为其公开自述，未见第三方业绩佐证,0512-66568029（总机）· 400-700-5670（24 小时）· 13915550349,gm@depingroup.com,苏州高新区科技城（国家医疗器械产业园）锦峰路 8 号 12 座,微信公众号「德品医疗」（官网「关注德品微信平台」）,总机转「市场部/交付部」；开场问「护士站是按项目拆单生产还是按库存备货，现场安装的齐套谁盯」——他们做的是项目制交付，痛点一定在齐套与现场变更上,医用家具·智慧护理系统,护士站 / 治疗柜 / 护理工作站的研发制造与整体解决方案,案例 B,26,500+ 三甲医院项目制交付、软硬一体（有信息化语言基础，沟通成本低）、B 轮融资后处于扩张期,已有「智慧护理系统」软件，可能认为自己已数字化；需确认其软件是硬件配套展示还是真的管生产,不谈软件，只谈「项目交付齐套 + 现场变更留痕」：一套护士站到院缺件，工期与罚款怎么算,官网 szdepin.com · 摩熵医药投融资库 · 环球医药网企业百科 · 2026-09-12 核实,中高（官网 + 第三方投融资/医药数据库一致）,2026-09-12
A,维持 A —— 021-64500738 直接找商务,长三角,上海华岳智造（原上海永采有机玻璃）,上海,上海奉贤,https://www.huayueproduction.com（主体：上海华岳实业有限公司）,商场展示道具 / 新零售专卖店 / 快闪店 / 智慧橱窗 / DP 点道具 / 无人售货店（设计深化—生产制作—表面处理—安装交付）,✓ 一致：21 年行业经验、自有工厂、四大工艺一体；快闪店/DP 点属『以天计交期』，齐套与到店时间看板价值更高,官网首页/联系页 ∩ 网易号行业报道 → 21 年经验、自有工厂、四大工艺一致；**规模数据缺第三方**：厂房面积仅官网口径，行业报道提及「4000㎡ 车间」与自述量级不同 → 现场核厂房与人员,021-64500738 · 17721000960,Business@zg-huayue.com,上海市奉贤区光善路 2 号 / 善乐路 333 号（另设北京·上海·深圳·重庆服务点）,官网 News/案例栏目持续更新（乐高、Coach、祖·玛珑、KOSE-Albion、DR 等案例）；微信同号 17721000960；无公众号/抖音入口,021-64500738 总机 + 17721000960；Business@zg-huayue.com 发「快闪店到店时间」案例,展示道具,展柜道具/橱窗/快闪店/商场DP美陈,案例B,25,百余人+25000㎡自有厂=甜点；连锁品牌客户→门店复制需标准化与溯源；快闪交期以天计,项目制企业重创意轻管理（B2可能低）；多材质工艺现状表单可能极乱,一个连锁客户全国门店的道具齐套+到店时间看板,官网首页/联系方式 + 网易号行业报道 · 核实日 2026-09-11,中,2026-09-11
A,新增·优先接触（案例 A 同类工艺）—— 辊涂工艺与案例 A 高度同构：公开披露员工 720 人，年产 13 亿、32 万㎡厂区，先谈单厂不谈集团,长三角,江苏丽岛新材料股份有限公司,江苏,常州钟楼,https://www.jsldxcl.com,彩涂铝材 / 涂层铝卷 / 焊接蜂窝板 / 铝阳极氧化板 + 精整切割（建筑、交通、工业、食品包装四大应用）,✓ 一致并更强：官网与公开披露证实——2004 年成立、占地 32 万㎡（官网口径，另有 16.68 万㎡ 的旧口径）、年销售 13 亿元、年加工 15 万吨+、员工 720 人、注册资本 2.09 亿；5 条食品级高速辊涂线 + 超宽超厚辊涂线，工艺与案例 A 的「辊涂 + 分切 + 多规格」几乎同构,官网 ∩ 同花顺 F10（832374：员工 720、注册 2.09 亿、公司电话）→ 一致；**占地两版**（官网 32 万㎡ vs 官网旧页 16.68 万㎡）→ 现场确认厂区构成,0519-83250516（总机）· 0519-68881358（证券/公司）,webmaster@jsldxcl.com,江苏省常州市钟楼区龙城大道 1959 号,微信公众号「丽岛新材」（官网「微信扫描关注」）,总机转生产/信息，先问「彩涂线换色/换规格的排产与膜厚记录现在怎么留」；上市公司有预算科目，走「按里程碑分期」节奏，按月推进而不是按周,卷材加工·彩涂铝,彩涂铝卷 / 涂层铝卷 / 精整切割铝材（含新能源电池集流体材料）,案例 A,25,与案例 A 同工艺（辊涂/分切/多规格）、上市公司有预算与合规要求（数据要能审计）、多产线多品种（排产与余料管理复杂）,上市公司决策链长、可能已有 MES/ERP；厂区面积官网存在两种口径（16.68 万 vs 32 万㎡），需现场核对；不适合做「快速试点」,「卷材呆滞与倒冲」：±1~2m 的倒冲精度、30/90/180 呆滞分档，用他们的真实产线数据算一遍账,官网 jsldxcl.com · 同花顺 F10（832374）· 2026-09-12 核实,高（官网 + 公开披露）,2026-09-12
A,维持 A —— 无官网；2026-06 企业专访证实为中外合资（吉尔吉斯斯坦+浙江德福隆）、600+ 经销商 / 200+ 专卖店、双品牌「德艺 / 贵府」，改走经销商体系与永康门博会,长三角,浙江德艺门业有限公司,浙江,金华永康,无独立官网（多轮检索未命中）；公开报道可查,双品牌「德艺 / 贵府」：铸铝门、铜门、高端防盗门、防火门、钢质进户门；自述「通轴技术」为核心卖点,△ 部分（有实质补充）：官网仍未找到，但 2026-06 中华网企业专访披露——中外合资（吉尔吉斯斯坦德氏贸易 + 浙江德福隆电子材料联合设立）、深耕高端门业十余年、600+ 经销商、200+ 专卖店、产品出口东南亚/中东/欧美；获国家高新技术企业、「浙江制造」品字标、浙江省创新型中小企业。规模与渠道比原判断大得多，维持 A 级，但触达走经销商体系而非官网,2026-06 中华网企业专访 ∩ 永康门博会与行业协会名录 ∩ 工商信息 → 中外合资（吉尔吉斯斯坦德氏贸易 + 浙江德福隆电子材料）、600+ 经销商 / 200+ 专卖店、双品牌「德艺 / 贵府」一致；**官网始终未找到** → 触达走经销商体系，不接受官网核验,,,浙江金华永康（待核实）,无独立官网亦无社媒入口 → 线上替代：微信搜一搜「德艺门业」「德艺贵府」（双品牌），或走 600+ 经销商网络与永康国际门业博览会,官网未找到 → 走永康国际门业博览会现场（展位谈 10 分钟）或门都门业协会名录,门业,防火门（钢质甲乙丙级/铸铝/铜门）、入户防盗门、装甲门,案例B,25,防火门=强资质强追溯，与等级匹配同构；承接政府工程→台账与验收记录刚需,永康门业产能过剩价格战，现金流需核实；老板更关心接单而非管理,一樘门完整档案（钢板批号→消防验收）+投标台账导出,中华网企业专访（2026-06-03）· 永康门博会与协会名录（建议） · 核实日 2026-09-12,中,2026-09-12
A,维持 A（偏强）—— 新三板 835979、259 人、14.6k㎡ 厂区，规模与治理双匹配,长三角,上海邑通道具股份有限公司,上海,上海,https://www.hooyigroup.com,品牌门店全周期：形象设计 / 道具制作 / 装修装饰 / 橱窗活动 / 路演快闪 / 智能道具 / 售后维保 / 循环利用 / 道具出口,✓ 一致并补充：**2016 年新三板挂牌（股票代码 835979）**、股本 8150 万、2003 年创立、员工 259 人、工厂 14586 ㎡ —— 挂牌 → 治理与数据规范压力；连锁百店复制 = 标准化与齐套最刚性,官网 ∩ 1688 工厂档案 ∩ 百科 ∩ 新三板披露（835979）→ 2003 年创立 / 员工 259 人 / 工厂 14586㎡ / 股本 8150 万一致；挂牌信息为第三方权威来源，可信度高,021-57406543（营销中心）· 021-57401515（总机）,yxtz@hooyigroup.com,总部：上海市奉贤区大叶公路 2058 弄 9-10 号；市区：闵行区金汇路 463 弄 28 号 A 幢,（待补）—— 挂牌公司官网 hooyigroup.com 以案例与招商为主，微信入口需官网在线留言索取,营销中心 021-57406543 / 总机 021-57401515；yxtz@hooyigroup.com；挂牌公司有专职对接人，直接问「信息化负责人」,展示道具,连锁品牌门店道具全案（设计+制造+安装）,案例B,24,百店级复制=标准化+追溯+齐套，行业中最刚性；交付体系成熟只缺工具,股份公司决策链较长；若挂牌上市则采购流程更正式但周期更长,门店道具的标准化编号与齐套交付,官网联系我们 + 1688 工厂档案 + 百科 · 核实日 2026-09-11,中,2026-09-11
A,新增·优先接触 —— 注册资本 8000 万、4 万㎡厂房、300+ 人；酒店家具天然是非标定制 + 交期敏感，正中案例 B,长三角,名耀家具（苏州）股份有限公司,江苏,苏州相城,http://www.myglory.cn,酒店家具与商用定制家具（酒店客房/公区整体配套，工程设计 + 生产 + 软装）,✓ 一致：官网与工商信息证实——2014 年成立（前身可追溯更早）、注册资本 8000 万、4 万多㎡现代化厂房、300 余人团队，引进意大利/德国生产线；公开报道称其为「医养家具整体解决方案十大服务品牌」之一 → 除酒店外还有医养线,官网 ∩ 买购网工商（统一社会信用代码 91320500323960858K · 注册 8000 万）∩ 行业榜 → 一致；**地址两版**（官网 玉盘路 668 号 vs 工商 澄阳路 99 号）,400-828-8559（客服）· 0512-65762092（传真）,官网未公示邮箱（走客服热线与在线留言）,江苏省苏州市相城区玉盘路 668 号（注册：相城区澄阳路 99 号）,微信视频号（官网「关注我们」入口）,400 转市场部，问「酒店项目是按标段交付还是整店交付、安装队是自有还是外包」；切入点用「现场安装齐套 + 变更留痕」，酒店甲方改图纸最频繁,酒店·商用定制家具,酒店家具、商用定制家具、软装配套（含医养线）,案例 B,24,整店交付项目制、300+ 人自有产能、有医养线可交叉印证、公开品牌榜背书,已有信息化的可能（官网自述引进先进生产线）；需确认是否只是设备数控化而非管理数字化,「一单到底」：从签约到开业，一樘柜子的图纸版本、变更、现场补件如何追,官网 myglory.cn · 买购网企业信息 · 行业榜单报道 · 2026-09-12 核实,中高（官网 + 工商 + 媒体报道）,2026-09-12
A,新增·优先接触 —— 官网直接把客户定位写成「多品种、小批量、高品质要求」，与案例 B 完全同构；设备多（通快/百超/AMADA×4/MAZAK×2），程序与图纸版本管理就是痛点,长三角,苏州荣科精密机械有限公司,江苏,苏州吴中,https://www.szrongke.com,钣金加工、精密钣金加工、成品加工件、钣金机箱机柜加工；提供激光切割、激光焊接、数控折弯、数控冲床、龙门铣、喷涂、组装一站式服务,✓ 一致：官网 + 行业名录交叉——2007-01-12 成立、注册资本 1000 万、厂房 10000㎡、苏州日进智能科技集团控股子公司；设备含 FINN-POWER 数控冲床、德国通快、瑞士百超折弯机、AMADA 折弯机 4 台、MAZAK 激光 2 台、讯雷光纤激光,官网 ∩ 顺企网名录 → 主体、资本、设备清单一致（设备品牌型号具体，可信度高）；**厂址两版**（金枫南路 1111 号 vs 谢村路 50 号）需核准；集团内另有材料贸易与冲压业务,0512-66031869 · 18626293609（彭先生）,rongkerobert@szrongke.com,苏州吴中区金枫南路 1111 号（官网另一处写「谢村路 50 号」）,官网手机站二维码 + 在线客服；无公众号入口,打彭先生手机直接问「多品种小批量的钣金件，切割程序与图纸版本怎么对、返工率多少」——设备多但规模小，最怕的就是「做过的件再做一遍还要重新试」,精密钣金·多品种小批量,精密钣金加工（激光切割/激光焊接/数控折弯/数控冲床/龙门铣/喷涂/组装）；服务金融、医疗、工业仪器、农业机械,案例 B,24,官网自述即为「多品种小批量」（案例 B 完全同构）+ 激光/折弯设备密集（程序与版本管理痛点）+ 集团内有材料贸易（可延伸上下游）,厂房 1 万㎡、规模小；客户集中度与付款条件未知；厂址两版,「图纸版本 + 程序版本」一次对清：同一图号改版后，车间还能不能拿到旧程序,官网 szrongke.com · 顺企网名录 · 2026-09-12 核实,中高（官网 + 行业名录，设备信息具体）,2026-09-12
B,新增·观察 —— 产能与案例 B 同源（防火门/防盗门），注册 8000 万、产能 100 万樘；但 8 条线意味着规模可能已超出甜点区，先核实员工数与自有工序,长三角,浙江神将门业有限公司,浙江,金华武义,http://www.shenjiangdoors.com,防盗安全门、防火门、楼宇门（自动化喷涂线、钣金校平剪切、数控折弯/冲床，8 条生产线，年产能 100 万樘）,✓ 一致：官网 + 行业榜单证实——2006 年成立，坐落武义泉溪镇金岩山工业区，注册资本 8000 万，8 条生产线、年产各类门 100 万樘，碧桂园集团优秀供应商；荣誉：永康市政府质量奖、全国钢质门行业专利优秀奖。官网公示了完整的区域负责人体系（6 个分公司 + 江苏/安徽区域经理）→ 渠道管理已成体系,官网 ∩ ip138 品牌库（电话/邮箱/注册 3000 万）∩ 行业榜（注册 8000 万、8 条线 100 万樘、碧桂园供应商）→ 产能与荣誉一致；**注册资本 3000 万 vs 8000 万**两版（可能为增资前后）,0579-87968181 / 8185 / 8186 / 8187 / 8188 / 8189（多线）· 15695793160（招商）· 15695793180（大客户）,sale@shenjiangdoors.com,浙江省金华市武义县泉溪镇金岩山工业区,微信公众号 + 微商城 + 招商微信号（官网三入口）,打 0579-87968181 转生产；问「一樘非标门从下单到出货，图纸确认与钣金/喷涂/装配三段怎么衔接」；招商线 15695793160 更快有人接，可说「走访区域经销商」，走渠道口进,门业·防盗/防火门,全防护安全门、防盗门、防火门（8 条生产线，年产能 100 万樘）,案例 B,23,非标门多工序（钣金→喷涂→装配→五金）、经销商渠道管理（一码到底能同时管生产与窜货）、地产战略客户要台账,规模偏大（产能 100 万樘）可能已有系统；武义门业价格战激烈、现金流紧张；员工数官网未公示,从「工程订单台账 + 经销商窜货」进，比讲车间更能打动门业老板,官网 shenjiangdoors.com · ip138 品牌榜 · chinapp 行业榜 · 2026-09-12 核实,中高（官网 + 工商 + 行业榜单）,2026-09-12
B,B → C —— 集团 1200+ 人、六大厂区，超出甜点区；且主体在武义非永康,长三角,浙江金凯德安防科技有限公司,浙江,金华武义,https://www.kkdgroup.com（集团）· www.kkdgroup.com.cn（安防）,防盗门 / 木门 / 防火门 / 别墅门 / 卫浴门 / 装甲门 / 木作整装 / 商用防火门 / 智能锁,✗→已修正：我们名单里把安防科技写在【永康】，工商/官网显示该主体在【武义】；且集团员工 1200+ 名、年产能 120 万套 → **超出甜点区**，优先级应从 B 降到 C（除非只谈武义单一厂区）,集团官网（含在线留言页）∩ 消防行业目录 ∩ 门业协会名录 → 金凯德集团 2007 年创立、三大基地（永康 / 武义 / 佛山）六大厂区、员工 1200 多名、400-112-0007、sale@kkdgroup.com；**主体地址已修正**（安防科技在武义百花山工业区开发大道 90 号，非永康）→ 名单按武义主体记，规模超甜点区,400-112-0007（集团）· 0579-89083098,sale@kkdgroup.com,武义基地：浙江省武义县百花山工业园区开发大道 90 号（集团另有永康、佛山基地）,集团官网 kkdgroup.com 设「视频中心」栏目 + 招商加盟在线报名（B 端入口）；公众号可微信搜「金凯德」,400-112-0007（集团）转安防事业部；0579-89083098；只谈武义单一厂区，别谈集团,门业,通轴入户门/铸铝门/防盗门/防火门；50余亩基地,案例B,23,中型规模、数控与无尘喷涂产线；工程订单为主,老板是否亲自经营需核实；永康价格战,一樘门的生产进度与齐套,集团官网 company 页 + 消防行业目录 · 核实日 2026-09-11,中,2026-09-11
B,B → A —— 官网：员工 120 人、7 个项目组、多材质车间，正中甜点,长三角,上海大兆展示,上海,上海,https://dz-display.com,展览展示道具一站式（快闪店 POP-UP / 品牌空间形象 / 橱窗与陈列道具）；自有木制·金属·亚克力·写真·灯箱·UV 印刷·玻璃钢车间,✓ 一致：官网自述员工 120 人、7 个项目组、多材质自有车间；**厂区面积官网两处数字不一致（12000㎡ vs 37000㎡）→ 需现场核实**；120 人正中 80–800 人甜点区 → 建议从 B 提到 A,官网「关于我们」∩ 推广页 → 员工 120 人 / 7 个项目组一致；**厂区面积官网两处矛盾**（12000㎡ vs 37000㎡）→ 交叉验证识别出的首个待核项,13661893265（侯先生）· 13817589430（卢先生）,,上海市嘉定区兴庆路 958 号,微信（侯先生 13661893265 / 卢先生 13817589430，手机号即微信号）；官网无社媒入口,13661893265（侯先生）/ 13817589430（卢先生）；地址嘉定区兴庆路 958 号；先确认厂区是 12000 还是 37000㎡（官网两处数字不一致）,展示道具,展柜道具；12000㎡全工艺工厂（木/金属/亚克力）,案例B,22,自有全工艺工厂、多材质并行,信息来源为推广页；规模需核实,多材质工艺的排产与齐套,官网首页/关于我们 · 核实日 2026-09-11,低,2026-09-11
B,维持 B —— 无官网，电话 021-59556615 触达,长三角,上海永成展示股份有限公司,上海,上海,未找到独立官网（第三方黄页为主）,展示道具 / 模特 / 亚克力 / 衣架 / 收银台 / 中岛 / 接待台 / 陈列架 / 雕塑；商业空间设计 + 陈列规划 + 道具研发制造 + 终端工程安装 + 物流售后,△ 部分：业务描述与我们记录一致（项目制非标 + 安装交付）；但无官网、规模未公示 → 触达靠电话，可靠度维持『中』,上海家居网库企业页 ∩ 品牌网 → 业务与项目制特征一致；**无官网、规模未公示** → 无第三方数据可交叉，可靠度维持「中」,021-59556615 · 传真 021-59556342,,上海市嘉定区新建一路 2305 号（徐行经济城一带）,无官网亦无社媒入口 → 线上替代：021-59556615 电话直连（传真 021-59556342）,021-59556615（传真 021-59556342）；无官网，先电话确认现名与厂址（嘉定区新建一路 2305 号）,展示道具,高端展柜/博物馆陈列道具,案例B,22,25年资质、项目制非标、精度要求高,规模需核实；项目制特征同上,项目级齐套与进度可见,上海家居网库企业页 + 品牌网 · 核实日 2026-09-11,中,2026-09-11
B,新增·观察 —— 参编《中国医院建设指南》，行业资质硬；但工商地址为办公楼、生产在分支机构，规模偏小，先电话核实地与产能,长三角,南京布尔特医疗技术发展有限公司,江苏,南京,http://www.njbullteam.com,医用护理车辆与不锈钢医用制品（含消毒供应中心、手术室辅房布局设计）,✓ 部分一致：官网与行业榜单证实——2006 年创立，是《中国医院建设指南》《医用家具及病房护理设施》参编单位，服务上百家三甲医院；但工商登记地址为南京市玄武区领智路 56 号 2 幢 311 室（办公），生产加工在分支机构 → 厂房与产能待现场核实,官网 ∩ 企查猫工商（玄武区领智路 56 号 2 幢 311 室）∩ 行业榜（第 7 名）→ 主体一致；**生产在分支机构**（工商经营范围注明「仅限分支机构」）→ 厂房产能必须现场核,025-85628067（公司）,njbullteam@126.com,南京市玄武区领智路 56 号 2 幢 311 室（南京办：中央路 258-27 号新立基大厦 10 楼 C 座）,官网无社媒入口（本轮未采到公众号/抖音）；B2B 黄页与医疗器械网为替代触点,打 025-85628067 直接问「不锈钢车间在哪、多少台设备、月产多少台护理车」；若确认自有车间再约半天走车间,医用护理设备·不锈钢制品,医用护理车辆、不锈钢医用制品、消毒供应中心工作流程设计,案例 B,22,参编行业标准（对外讲资质、对内讲台账）、上百家三甲医院项目、不锈钢多工序（钣金/焊接/表面处理）,规模小、可能外协为主；若生产靠代工则不具备落地条件,「投标台账 + 现场安装齐套」——三甲医院项目的资料要求最严，老板最怕临时补材料,官网 njbullteam.com · 企查猫工商信息 · maigoo 行业榜单 · 2026-09-12 核实,中（官网 + 工商公示；规模数据缺）,2026-09-12
B,维持 B —— 上市公司，放第二阶段,长三角,浙江华达新型材料股份有限公司（605158）,浙江,杭州富阳,http://www.hdnew.cn,多功能彩色涂层板、热镀锌板及其基板（0.17–1.2mm 冷轧/热镀（铝）锌/彩钢板/覆膜彩印板）,✓ 一致：上市公司（605158）、2003 年成立、出口连续多年居国内前列；规模超出 80–800 人甜点区 → 维持『第二阶段目标』定位,同花顺 F10（605158）∩ 官网 ∩ Maigoo 企业页 → 上市主体、2003 年成立、出口居前一致；规模超甜点区为三方共同结论,0571-58982959（行政/客服）· 0571-58982988（销售）· 传真 0571-58837981,hdnew@hdnew.cn,浙江省杭州市富阳区大源镇大桥南路 198 号,（待补）—— 上市公司：上交所/公司公告是权威信息源（比社媒可靠）；官网 hdnew.cn 可查投资者关系入口,销售 0571-58982988 / 行政 0571-58982959；hdnew@hdnew.cn；走投关/信息化双通道，节奏按月算,卷材加工,彩涂板/热镀锌铝板，出口40+国,案例A,22,上市公司、出口占比高、数据规范意识强,规模超出甜点区，宜作第二阶段目标,出口批次档案与合规资料,同花顺 F10 公司资料 + 官网 + Maigoo 企业页 · 核实日 2026-09-11,高,2026-09-11
B,B → C（建议移出）—— 检索不到官网与工商页，线索来自软文,长三角,浙江群邦门业股份有限公司,浙江,金华,未检索到官网（原线索来自评选软文）,,✗ 无法验证：检索不到官网与工商页 → **建议移出名单**，除非能拿到准确全称与统一社会信用代码,多轮检索（官网 / 工商 / 行业名录）均无结果 → **无法交叉验证**：建议移出名单，除非拿到准确全称与统一社会信用代码,,,金华（待核实）,（建议移出，不再补）,暂缓 —— 线索来自评选软文，需拿到准确全称与信用代码,门业,防火门/防盗门；产能1200樘/日,案例B,22,防火门为主、工程渠道,信息来源为评选软文；产能与现金流需核实,防火门资质与批次追溯台账,检索无结果 · 核实日 2026-09-11,低,2026-09-11
B,新增·观察 —— 涂布 + 分切与案例 A 同构（卷材/批次/分切损耗），但主体注册资本仅 300 万、规模偏小；适合做「轻量样板」，先电话核实产能与客户结构,长三角,昆山新博皓薄膜电子材料有限公司,江苏,苏州昆山,http://www.ksxinbohao.com,PE 静电/网纹/平纹保护膜、CPP 保护膜、PET 保护膜与离型膜；2 条流延线 + 5 条吹膜线 + 4 条涂布线；「来样定制—分切—增值改造—售后」一站式,△ 部分：官网（前身苏州华亿宝 2003 年成立、2016 年新主体、产线清单、5000 家合作客户）∩ 工商公示（昆山新博皓薄膜电子材料有限公司，2016-05-12 成立、注册资本 300 万、法人刘早平）→ 前身与主体关系一致；**地址两版**（官网 张浦镇淞沪中路 78 号 vs 工商 张浦镇大市淞沪路 46 号 2 幢）；**官网「公司邮箱」栏填的是电话号码 0512-36871918**,官网 ∩ 工商公示 ∩ 模切行业站 → 产品线与前身一致；**地址与邮箱栏均需电话核实**（企业官网两大信息错误点，交叉验证直接识别）,138-0620-1556（24 小时）· 0512-36871918,官网未公示有效邮箱（该栏误填为电话）→ 走微信或阿里店,苏州昆山市张浦镇淞沪中路 78 号（工商登记另一地址：张浦镇大市淞沪路 46 号 2 幢）,微信公众号（官网二维码）+ 阿里官方店（小批量零售）+ 微信免费拿样,加微信 138-0620-1556 说「想拿样」，顺带问「涂布的胶水批次与离型力记录怎么留」——取样是最低压力的开场,涂布薄膜·保护膜,PE/PET/PVC/CPP 保护膜与离型膜；流延 2 条 + 吹膜 5 条 + 涂布 4 条产线,案例 A,21,涂布 + 分切（案例 A 同构）、离型力/残胶是客诉高发点、家底轻（300 万注册）适合轻量试点,规模小、付费能力有限；若以贸易为主则制造端价值有限；官网信息错误较多（管理规范度存疑）,「胶水批次 ↔ 卷 ↔ 客户」三向反查，先做一卷试机，成本极低,官网 ksxinbohao.com · 工商公示（91320583MA1MKPW423）· 模切行业站 · 2026-09-12 核实,中（官网 + 工商；地址与邮箱栏有误）,2026-09-12
B,B → A —— 官网：员工 500+、年产 30 万樘，规模比预估大得多,长三角,浙江香乡门业有限公司,浙江,衢州开化,http://www.zjxxmy.cn,甲/乙/丙级木质隔热防火门 · 钢木质防火隔热门 · 钢质隔热防火门 · 防火玻璃 · 钢质防盗门 · 实木门 · 保温门 · 隔声门 · 钢质防火窗 · 全屋定制,✓ 一致并**规模比预估大**：官网自述占地 52000㎡、建筑面积 35000㎡、**员工 500 余名**、年产 30 余万樘钢木质/钢质隔热防火门 + 25 万㎡木质隔热防火门、固定资产 9500 多万；工商：2006-09-30 成立、法人郭正全 → 仍在 80–800 人甜点区内，**建议从 B 档提到 A 档**,官网（简介 + 产品页）∩ 品牌网工商页 → 2006-09-30 成立 / 法人郭正全 / 占地 52000㎡ / 员工 500 余名 / 年产 30 余万樘一致；规模比预估大一档 → 建议 B 提到 A,13587026958（郭经理）· 13757026027,,浙江省开化县工业园区音坑路 1 号,微信（郭经理 13587026958 微信同号）,13587026958（郭经理）；先问「防火门检测报告台账是谁在管」—— 招投标台账就是切入点,门业,甲乙丙级木质/钢木质/钢质隔热防火门,案例B,21,防火门细分、资质要求强,区域偏、规模需核实,防火门检测报告与批次档案,官网公司简介/产品页 + 品牌网工商页 · 核实日 2026-09-11,低,2026-09-11
C,维持 C —— 集团化（2.58 亿注册资本、14 家分支），第二阶段,长三角,海太欧林集团股份有限公司,江苏,南京,http://www.onlead.com.cn,智能办公 / 智慧医疗 / 教学科研 / 酒店公寓家具 + 商用空间整体解决方案,✓ 一致：品牌 1996 年创办、2012-07-25 注册、注册资本 2.58 亿、14 家分支机构、江苏省专精特新小巨人；项目含哈工大/萧山机场/香港科技大学 → 集团化、超出甜点区，维持 C（第二阶段）,企查猫工商页 ∩ rcctop 企业页 ∩ 江苏省家具协会 → 2012-07-25 注册 / 注册资本 2.58 亿 / 14 家分支机构 / 省专精特新小巨人一致；集团化超甜点区为共同结论,400 电话（工商页掩码，官网查询）,,南京市高淳经济开发区双湖路 121 号,官网 onlead.com.cn 在线留言入口；400 电话以官网公示为准；集团化企业走「集团信息化」对口,官网 www.onlead.com.cn 在线留言 → 转集团信息化；400 电话以官网公示为准,家具制造,智能办公/智慧医疗/教学科研/酒店家具,案例B,21,多业务线、专利1200项、管理复杂度高,60万㎡基地、数千人规模，超出甜点区,（第二阶段）多基地协同与成本归集,企查猫工商页 + rcctop 企业页 + 江苏省家具协会 · 核实日 2026-09-11,中,2026-09-11
C,新增·观察 —— 4500㎡工厂 + 85 名搭建人员，规模偏小、以展会短周期项目为主；先作为行业信息源与转介绍渠道，不投入方案,长三角,上海玄策展览展示有限公司,上海,上海,https://www.xuanceo.com,展台搭建 / 活动执行 / 展厅装修 / 专柜橱窗道具（自营 4500㎡制作工厂 + 3600㎡预搭建场地 + 标准烤漆房）,△ 部分：官网自述与实际能力基本一致（85 名施工人员、4500㎡厂房、烤漆/美工车间），但工商与行业媒体口径提到「现有厂房 3500 平方」，且官网并列出现 4500/3500/3600 三个面积口径 → 厂房面积与自有产能待现场核实,官网自述 ∩ 展会搭建商名录（400 电话）∩ 行业媒体 → 业务与电话一致；**厂房面积三口径**（4500㎡ / 3500㎡ / 预搭建 3600㎡）→ 交叉验证识别口径混乱,400-888-7380,官网在线留言（未公示邮箱）,上海市（官网未公示完整厂址，需电话索取）,新浪微博（官网友情链接）+ 官网在线留言 + 网站地图,打 400-888-7380 问厂址与自有工序（烤漆/美工/木工是否自有）；展会公司现金流好但项目短，适合作「轻量试点」的行业样板,展示道具·展会特装,展台设计搭建、展厅装修、专柜橱窗道具,案例 B,19,项目制、短交期、多材质；展台行业普遍靠微信群排产，数字化空白大,规模偏小（可能 80 人以内）、单项目金额低、付费能力弱；厂房面积口径不一致,先用「报价与工序卡」轻量切入，别谈全流程 MES,官网 xuanceo.com · 行业媒体汇总 · 2026-09-12 核实,中（官网为主，面积口径存疑）,2026-09-12
C,新增·轻量观察 —— 设备（德国 1750mm 涂布机）能对得上案例 A 的辊涂逻辑，但规模小、信息薄；作为案例 A 的「小样板」候选，不投入方案,长三角,苏州甲腾包装材料科技有限公司,江苏,苏州,https://www.jt866.cn,离型纸 / PET 离型膜 / 单双面离型膜 / PET 保护膜；2010 年引进德国 1750mm 多功能电脑涂布机，配套 1600mm 淋膜机、复卷分条与裁切设备,✓ 一致：官网（15 年专注离型材料、设备清单、ISO9001、SGS/ROHS 检测、多行业应用）自述完整；官网列微信二维码与手机，属小型专精工厂,官网（设备与认证）∩ 离型膜行业名录 → 主营一致；**厂址未公示、无第三方规模数据** → 电话核实厂房与人员,0512-66368760 · 15190083990,未公示（官网在线留言 + 微信）,苏州市（官网未公示完整厂址，需电话索取）,微信二维码（官网）+ 在线留言,打 0512-66368760 直接问「涂布机的订单排产与分切余料怎么记」；小厂老板常在车间，电话里就能听出管理水平,涂布薄膜·离型材料,离型纸、单/双面离型膜、PET 离型膜、PET 保护膜（德国 1750mm 涂布机 + 1600mm 淋膜机）,案例 A,19,涂布 + 分切的卷材逻辑与案例 A 同构；进口涂布机可能带数据接口；小厂决策快、试点成本低,规模小、公开信息极少；付费能力与厂房自有性待验证,「分切损耗 + 涂布批次」：一卷母卷分成多少小卷，损耗记不记,官网 jt866.cn · 离型膜行业名录 · 2026-09-12 核实,中低（仅官网自述）,2026-09-12
S,维持 S —— 新三板挂牌 + 工程安装，治理与齐套双重压力,珠三角,广州市仪美医用家具科技股份有限公司,广东,广州,https://www.emeok.com（旧站 old.emeok.com）,医用/医养/医院办公家具 · 医用地柜 · 护士站工作站系统 · 医疗家具软装一体化（研发/生产/销售/工程安装）,✓ 一致，且官网明确写出『工程安装』『软装一体化整体解决方案』→ 项目制 + 安装齐套，正对案例 B 的场景,官网首页/产品中心页脚 ∩ 医用家具行业名录 → 工程安装与软装一体化一致；**人数与厂房面积缺第三方** → 项目金额与产能需现场核,400-888-3193（服务热线）· 18124907690 / 18148917873（咨询）· 020-62172808（总机）,,广州市白云区民营科技园,微信 + 微博 + 抖音（官网底部三入口齐全，医疗家具里少见的全渠道）,400-888-3193 转工程/信息；18124907690 咨询线；同时盯 CHCC 医院建设大会与政采公告,医疗家具,医用家具研发生产+工程安装，医疗空间整体解决方案,案例B,29,新三板挂牌→治理与数据规范压力；工程安装+招投标→交期/齐套/变更留痕刚性；600+工程案例=强非标,决策链可能较长，需确认谁拍板；行业毛利被招标压缩，预算敏感；现有ERP接口需确认,一个医院项目的从下单到安装齐套全流程台账,官网首页/产品中心页脚 · 核实日 2026-09-11,高,2026-09-11
S,新增·优先接触 —— 注册 1.08 亿、员工 600+、10 万㎡、年产能 6 亿；与仪美、华燊同在广州，可一天连访三家（案例 B 主战场）,珠三角,广州博生医疗家具有限公司,广东,广州花都,https://www.gzyyjj.com,医院家具 / 养老家具 / 儿科家具，集胶板、五金、钣金、油漆、软体一体的综合制造商,✓ 一致并更强：官网 + 媒体报道证实——2001 年建立、注册资金 1.08 亿、员工 600+（媒体口径 800+）、占地 10 万㎡、年生产能力 6 亿元；官网设「中标公告」「投标资质」「图册下载」栏目，公开工程案例 300+（含克拉玛依市医学基地迁建中标 2579.9 万元）→ 典型的「投标驱动型」工厂，台账与资质是刚需,官网（注册 1.08 亿 / 600+ 人 / 10 万㎡ / 产能 6 亿）∩ 新浪家居 2023 报道（注册 1.08 亿、员工 800+）∩ 招标数据（克拉玛依项目中标 2579.9 万）→ 资本与项目一致；**人数 600 vs 800 两版**,136 9425 5663（刘志军，销售）· 官网在线 8:00–21:00,526564294@qq.com,广州市花都区爱民路 8 号,微信公众号 + 微信咨询（官网双入口）,直接打销售手机（花都厂家习惯手机接单），开口问「中标的医院项目，从下单到现场安装，缺件与补件谁盯台账」；他们官网有中标公告栏目，谈话前先抄两条中标信息，可信度立刻不同,医疗家具·工程投标,医院家具（导诊台/护士站/诊室/病房）、养老家具、儿科家具,案例 B,27,投标驱动（资质/台账/留痕是刚需）、多材质车间（胶板/五金/钣金/油漆/软体五工序）、10 万㎡自有产能、与仪美华燊同城可连访,可能已上投标资料管理或 ERP；年产能 6 亿意味着订单量大、车间管理复杂度高，试点范围要收窄,「工程安装齐套 + 中标台账」：把一次项目缺件导致的现场返工账算给他看,官网 gzyyjj.com · 新浪家居报道 · 2026-09-12 核实,中高（官网 + 媒体报道；人数口径 600/800 两版）,2026-09-12
A,新增·优先接触（案例 B 强对口）—— 3 万㎡厂房、500+ 员工、700+ 台设备、持 IATF16949：多品种小批量 + 汽车级追溯要求，「700 台设备的排产」本身就是钱,珠三角,东莞市龙旺五金有限公司,广东,东莞长安,https://www.dglongwang.com,精密零部件一站式加工：模具、钣金、机加（CNC）、压铸、塑胶、焊接、喷涂、结构组装与测试；覆盖医疗设备、半导体设备、3C 数码、汽车、智能家具,✓ 一致并更强：官网自述 2008 年成立、占地近 3 万㎡、员工 500+、设备 700+ 台，持 ISO9001 / ISO14001 / **IATF16949**（汽车级）；案例含医疗阀体、半导体设备、信息采集箱、智能家具面壳、学习平板 → 「多品种小批量 + 全工序」典型，且公示了三位业务负责人的直线手机与邮箱，组织透明度高,官网（多位联系人/邮箱、设备与认证、案例）∩ 行业名录（精密加工类目）→ 主营与认证一致；**员工 500+ 与设备 700 台仅官网口径**，现场可按车间点数抽验（好核）,18929117301（杨经理）· 18681193988（廖经理）· 13798934611（朱经理）,yang@dglongwang.com · yuki@dglongwang.com · info@dglongwang.com,广东省东莞市长安镇沙头龙泽路 3 号,官网「扫一扫」微信二维码 + 视频看厂栏目 + B2B 平台店铺,打杨经理手机开门见山：「700 多台设备、500 多人，工单怎么派、急单插单怎么排？」——IATF16949 意味着汽车客户随时可能来做过程审核，追溯是硬要求,精密五金·全工序外协,模具、钣金、CNC 机加、压铸、塑胶、焊接、喷涂、结构组装与测试一站式精密零部件,案例 B,26,多品种小批量（案例 B 本质）+ IATF16949 与医疗/半导体客户审核（批次档案刚需）+ 700 台设备（利用率与排产是直接利润）+ 公示三个业务对口人（决策链短）,500 人接近甜点上限；设备与人数为官网自述；外协比例高可能导致自家车间数据不全,「工单 + 设备 + 批次」三件套：从打样到量产，一件产品走哪台机、谁开的机、参数是多少,官网 dglongwang.com · 精密加工行业名录 · 2026-09-12 核实,中高（官网自述详实 + 认证可核）,2026-09-12
A,新增·优先接触 —— 注册 5200 万、服务 500+ 医疗机构、参编《中国医院建设指南》；自有厂房在广清产业园，属珠三角配套圈，成本敏感度高、数字化空白大,珠三角,广东华展家具制造有限公司（华展医疗）,广东,清远高新区（广清）,http://www.gdhzyiliao.com,全系列医用家具（门诊、临床、护理、医技、辅助、行政六大单元）+ 整体医疗家具配套服务,✓ 一致：官网与工商信息证实——2014 年成立、注册资本 5200 万、统一社会信用代码 91441802314824360N、厂房位于清远高新区银盏嘉福工业区；行业榜单证实其为《中国医院建设指南》《医用家具设计及配置指南》第二版参编单位，已为全国 500 多家医疗机构提供整体配套,官网 ∩ chinapp 工商（统一社会信用代码 91441802314824360N · 注册 5200 万）∩ maigoo 榜单（参编指南、500+ 医疗机构）→ 三方一致，可信度高,400-888-9061（热线）· 400-832-5988 · 188-1847-1808,2880706656@qq.com（商务 QQ 同号）,广东省清远市高新区银盏嘉福工业区嘉顺路自编 13 号厂房 A 栋,官网在线客服 + 商务 QQ（2880706656）+ 二维码；「社交媒体」栏目为友情链接（筑医台/中国医院建设网）,400-888-9061 转商务，问「500 家医院的项目，图纸版本与现场变更怎么管」；广清产业园人工与厂房成本低，讲「少赔钱」比讲「升级」有效,医用家具·整体方案,门诊/临床/护理/医技/辅助/行政全系列医用家具,案例 B,26,500+ 医疗机构项目制交付、参编标准（对内也要台账）、非珠三角核心区成本结构（对投入更敏感、ROI 说话最管用）,清远不在珠三角核心，供应链响应慢；可能有总部/分厂两套管理，试点范围界定要先谈清,「一个护士站的交付全过程」：设计确认→拆单→生产→现场安装，哪一步最容易亏钱,官网 gdhzyiliao.com · chinapp 企业信息 · maigoo 行业榜 · 2026-09-12 核实,高（官网 + 工商 + 行业榜单）,2026-09-12
A,维持 A —— 城市已修正为广州花都；政采投标三条专线可直接打,珠三角,广东华燊实业有限公司（VOU+卫域）,广东,广州（花都区）,https://www.gdhs2007.cn,护士站 / 导医台 / 诊疗桌 / 医用办公桌椅 / 口腔治疗柜 / 移动送药车 / 儿科诊桌 / 医用诊床 / 诊疗操作台 / 医院家具 / 适老化·医养家具 / 实验边台 / 病床护理床 / 牙科柜,✗→已修正：我们原先写『东莞』，官网明确为【广州花都区】；2007 年成立、两大生产基地 5 万㎡+、3000㎡ 展厅、ISO9001/14001/45001/13485、十环认证、一二类医疗器械生产备案；政采投标 20 年、200+ 医院项目 —— 『政采投标 + 配套生产』定位成立,官网「关于我们」∩ 政采招标记录（200+ 医院项目）∩ 医疗器械备案公示 → 2007 年成立、两大基地 5 万㎡+、ISO13485 与一二类器械备案一致；**城市已修正**：原记东莞，实为广州花都,15711700118（政采投标专线）· 15710701718（工厂报价/方案）· 16616656119（外贸）,sampu@vouplus.com · sampu@foxmail.com,营销中心/一厂：广州市花都区花东镇大龙工业园 1 号；二厂：花东镇永清路 11 号；三厂：花东镇北兴大龙工业园 11 号,品牌名「VOU+卫域」可在微信搜一搜直接找公众号/视频号；官网同时挂 Wechat/WhatsApp：15710701718（询盘即达）,政采投标专线 15711700118（对口项目）；工厂报价/方案 15710701718；邮箱 sampu@vouplus.com 备用,医疗家具,医院/适老/医养家具；政采投标+为中标方配套生产,案例B,26,政府采购投标→资质/台账/交期全刚性；配套生产订单波动大且客户交期刚性；政采要求记录完整,以配套生产为主，议价能力弱毛利薄；是否已有MES/进销存需核实,投标用一键台账导出+工程齐套校验,官网首页 + 关于我们 · 核实日 2026-09-11,中,2026-09-11
A,新增·优先接触 —— 2.5 万㎡工厂、301–500 人、代工可口可乐/欧莱雅、出口 50 多国；跨境电商与验厂双重压力下，批次与齐套是硬需求,珠三角,东莞市领展展示用品有限公司,广东,东莞桥头,https://www.gpmetalware.com（中英双语，有英文站 /en/）,定制展示架与展示柜：金属展示架、亚克力制品、木质展示架、注塑展示架；自有五金车间、钣金车间、粉末喷涂线、亚克力车间、丝印车间、注塑车间、木工车间、包装车间,✓ 一致并更强：官网 + 1688 工厂档案证实——2005 年创立（1688 显示成立 2013-12-13 为工商主体登记）、厂房近 2.5 万㎡、17 年定制经验、服务 6000 家企业品牌、出口 50 多国；1688 档案显示「员工总数 301–500 人」「年交易额 2000 万以上」，代工品牌含可口可乐、保利地产、欧莱雅，并持有 Sedex（出口验厂体系）与 ISO9001 认证,官网（中英双语、2.5 万㎡、17 年）∩ 1688 官方工厂档案（员工 301–500、年交易额 2000 万+、代工可口可乐/欧莱雅、Sedex 与 ISO9001）∩ 工商（2013-12-13 成立）→ 规模与认证一致；**成立年份 2005（自述）vs 2013（工商主体）**,0769-83980511（全国热线）· 139-2927-6289（24 小时）,官网未公示邮箱；1688 在线询盘为主,广东省东莞市桥头镇大洲社区第二工业区大西二路 2 号,阿里巴巴 1688 工厂店（b2b-3519466954310e7，可直接询价）+ 微信（官网「添加微信咨询」）+ 官网在线客服,1688 店铺直接找厂长「尹晓培」（1688 档案标注为对外洽谈负责人）留言，或打 139-2927-6289；开口问「出口订单的批次追溯与非标打样怎么留档（Sedex 验厂要看）」,展示道具·出口定制,金属/亚克力/木质展示架与展示柜（POP 陈列道具），出口 50+ 国,案例 B,25,出口 50+ 国 + Sedex/ISO 验厂（追溯是准入条件）、八类车间多工序、代工大牌（可口可乐/欧莱雅）对交期与批次极敏感、年交易额 2000 万+ 有付费能力,展示架单价低、利润薄；已用 1688 与 ERP 类工具管理的可能性；需确认打样-量产之间的图纸版本管理现状,「打样版本 + 批量一致性」：一次验厂不过、一次色差退货，损失多少,官网 gpmetalware.com（中英）· 1688 工厂档案 · 2026-09-12 核实,高（官网 + 1688 官方工厂档案交叉）,2026-09-12
A,A → B —— 无官网、公开信息薄；推广页称 700 人已近上限,珠三角,广州市万开家具制造有限公司,广东,广州,未找到独立官网（只有 1688 信用页 / 企查查）—— 建议以 1688 店铺或电话触达,医用家具 / 医院家具 / 护士站 / 药房家具 / 病床 / 治疗车 / 器械柜 / 药品柜 / 银行家具,△ 部分：工商登记 10090 万注册资本 = 与名单一致；行业推广页称占地 120 余亩、员工 700 多人（接近 80–800 人上限，需现场核实）；主营『医用家具 + 工程』方向一致,1688 企业信用页 ∩ 企查查 ∩ 行业推广页 → 注册资本 10090 万一致；**员工 700 多人仅推广页口径**，接近甜点上限 → 现场核实,020-3602****（企查查掩码，需拨 020 查号或走 1688）,,广州市白云区江高镇新贝路 1 号,1688 店铺（无官网、无官微线索）,无官网 → 1688 店铺留言 + 020 查号台找总机；同步从政府招标中标公告找项目负责人,医疗家具,医疗家具/诊断桌/护士站/试验台/器械柜,案例B,25,招投标为主+多品类小批量+工程安装齐套，与案例B高度同构；案例500+→链条长易出齐套问题,与仪美同城同赛道，若一家已选型另一家紧迫感上升；规模与营收需核实,订单—图纸—生产—安装的齐套与变更留痕,1688 企业信用页 + 企查查 + 行业推广页 · 核实日 2026-09-11,中,2026-09-11
B,新增·观察（案例 B 强场景）—— A股 002774、员工 1654：规模超出 80–800 甜点区，但「每台电梯都是定制单 + 全国安装 + 维保」是案例 B 的放大版；先做标杆不做试点,珠三角,快意电梯股份有限公司,广东,东莞清溪,https://www.ifelift.com,电梯、自动扶梯和自动人行道的研发设计、制造、销售及相关产品的安装、改造和修理维保服务,✓ 一致并更强：官网 + 同花顺 F10 + 电梯之家交叉——A 股上市（002774，2017-03-24）、注册资本 3.37 亿、员工 1654（同花顺）/1700+（第三方）、三大生产基地（东莞清溪 + 河南鹤壁）、整梯年产能 47000 台、产品行销 60 多个国家与地区,同花顺F10（员工 1654 · 注册 3.37 亿）∩ 电梯之家（1700+ 人 · 年产 47000 台）∩ 东财百科（三大基地）→ 规模一致；**成立年份冲突**（工商 1998-09-16 vs 品牌叙事「创立于 1987」）——对外叙事与工商登记不一致，属常见品牌操作，不影响接触,0769-82078888（总机）· 0769-82189448 · 400-6789443（客服）· 0769-82078888-3111（董秘）,ifezq@ifelift.com（证券事务）· ife_007170@ifelift.com（品牌）,广东省东莞市清溪镇谢坑村金龙工业区（另一公开口径：清溪镇青滨东路 160 号 2 号楼 107 室）,官网以产品/招商为主，未采到公众号与抖音入口；上市公司信息以巨潮/公司公告为准（比社媒权威）,总机转「制造中心/信息化」；上市公司的钱走预算科目与招投标，节奏按季度；对口人是制造中心负责人，不是采购。首次接触建议带「同行业标杆案例」而不是方案,电梯·非标定制,乘客/消防/病床/观光/家用/杂物/载货/防爆电梯与自动扶梯、人行道；安装改造维保,案例 B,25,非标电梯（每台一单，图纸/配置全定制）、全国安装维保（现场齐套与工期即钱）、上市（数据可审计、存货与在制要解释）,1654 人超出甜点区，决策链长；可能已有 MES/PLM；采购走招标 → 不适合做 6–8 周快速试点,「单台非标电梯的齐套 + 安装工期」：缺一件到现场，吊装队等一天就是费用；用他们的年报存货口径起头最自然,官网 ifelift.com · 同花顺 F10（002774）· 电梯之家 · 东财百科 · 2026-09-12 核实,高（官网 + 上市公司披露）,2026-09-12
A,新增·优先接触 —— 25 年家电玻璃深加工、1 万㎡厂房、约 200 人：多品种小批量外观件，色差与划伤索赔是现成的钱；家电客户验厂要批次档案,珠三角,东莞智联玻璃制品有限公司,广东,东莞常平,https://www.gdzlgp.com,钢化玻璃定制深加工：燃气灶丝印玻璃、灶台钢化玻璃、养生壶玻璃、机箱玻璃面板、电子秤玻璃、扫地机玻璃、指纹锁弧面玻璃、消毒柜/净水器面板玻璃、人脸识别玻璃,✓ 一致并更强：官网自述 25 年玻璃深加工经验、厂房约 1 万㎡、200 名员工、月产 2000 万片以上，含免费打样与 2 天出设计能力；客户案例覆盖家电与 3C（含人脸识别玻璃）→ 典型「外观件 + 多品种小批量」,官网（产线/客户案例/资质）∩ 东莞玻璃深加工行业名录（常平镇同业聚集）→ 主营与厂址一致；**月产 2000 万片与 1 万㎡/200 人的匹配度待核**（需确认是否含外协钢化）,0769-82988696（咨询热线）· 传真 0769-82913191,zhilianboli@163.com,广东省东莞市常平镇桥沥南门路 161 号,微信公众号 + 手机官网（官网入口）；家电玻璃 B2B 平台店铺,打 0769-82988696 问「家电客户改款频繁，丝印网版与钢化炉次怎么对齐」；家电采购最怕**色差与划伤批量退货**，用这个开场最准,玻璃深加工·家电外观件,燃气灶/灶台/养生壶/机箱/电子秤/扫地机/指纹锁/净水器面板玻璃；丝印 + 钢化 + CNC + 异形,案例 B,24,多品种小批量外观件（案例 B 本质）+ 家电客户验厂与索赔 + 批次可追溯到网版/炉次/丝印机 + 月产 2000 万片说明开单频繁,产能与人数均为官网自述；玻璃深加工多为代工，议价弱；部分工序（钢化）可能外协,「一块面板的身份证」：网版号 + 炉次 + 丝印参数，客户投诉时 3 分钟锁定受影响批次,官网 gdzlgp.com · 东莞玻璃深加工行业名录 · 2026-09-12 核实,中（官网为主；产能数据待核）,2026-09-12
A,A → B —— 员工 1000+ 超出甜点区，只谈车间那一段（补位/分包）,珠三角,佛山市南海新达高梵实业有限公司,广东,佛山南海,https://www.fsclover.com（品牌/渠道站；工厂另有 B2B 店铺）,屏风办公桌 / 会议桌 / 大班台 / 办公椅 / 沙发 / 文件柜 / 玻璃隔断（办公家具全品类 + 出口）,✓ 一致：注册资本 12702 万（=名单 1.2702 亿）、12 万㎡ 厂区、年产值 10 亿；但**员工超 1000 人，已超出 80–800 人甜点区** → 定位应调整为『补位/分包』，不做主线；工商登记成立 2002-12-09（对外称 1990 年创办）,产品站 ∩ 世界家具工厂黄页 ∩ 工商公示 → 注册资本 12702 万 / 12 万㎡ / 年产值 10 亿一致；**员工超 1000 人 → 超甜点区**（改「补位/分包」定位）；成立年份两版本（工商 2002-12-09 vs 对外称 1990 创办）,137-0297-9732（渠道）· 17052431054（工厂）,595565222@qq.com / echo@fsclover.com,广东省佛山市南海区狮山镇兴业北路 3 号之一（大涡塘工业区）,官网品牌站 fsclover.com + 老站 gdclover.com（英文）；「OEM 代加工」页为 B 端入口；无公众号/抖音入口,137-0297-9732 / 17052431054；595565222@qq.com；开场就说「只补车间那一段，不动你现有系统」,家具制造,办公/教学/医疗家具，出口100+国,案例B,24,出口100+国→外部压力强；多品类多制造中心→权限隔离与成本归集明确,约1000人接近规模上限，大概率已有IT部门→定位应为补位/分包,出口订单的批次追溯与多制造中心成本归集,产品站 + 世界家具工厂黄页 + 工商公示 · 核实日 2026-09-11,中,2026-09-11
A,维持 A —— 无独立官网，用厂家直销电话；先确认与「伍发门窗」的主体关系,珠三角,佛山市威尔普斯门窗有限公司,广东,佛山南海,未找到独立官网（品牌页/推广页为主）—— 走 1688 或电话,铝合金/系统门窗（断桥铝），中高端定位；2026-03 产业报道称其为『佛山系统门窗头部企业』并已走向『数据化智造』,△ 部分：产品方向一致；『已有数字化投入』的判断得到侧面印证（报道提到车间数据化、系统窗）；但来源是推广性质报道，需现场核实现有系统边界,品牌页 ∩ 搜狐产业报道（推广性质）→ 产品方向一致；报道提及车间数据化 → 提示已有数字化投入，规模数据无第三方,15813445274,,佛山市南海区里水镇工业区,（待补）—— 无独立官网；线上替代：厂家直销微信 13924888502 + 邮箱 2385922529@qq.com，先确认与「伍发门窗」的主体关系,厂家直销 13924888502；2385922529@qq.com；先确认 weps168.com 页面同时出现「伍发门窗」的主体关系,门窗,断桥铝合金门窗（含卫生间门等非标规格）,案例B,24,已有数字化投入→预算习惯与认知已建立；扩产搬迁说明在上升期；非标规格多,可能已被现有供应商锁定；不要否定他现有选择，只能补位,现有系统管不到的那一段（车间报工/齐套/成本归集）,品牌页 + 搜狐产业报道（推广性质，仅供参考） · 核实日 2026-09-11,中,2026-09-11
A,新增·优先接触 —— 6 万㎡工厂、500+ 技工、客户含 vivo/OPPO/一加/海底捞；钣金 + 展示双业务，工序最长、最需要一码到底,珠三角,广东晟麟展览展示工程有限公司（铁衣卫）,广东,东莞沙田,无独立官网（行业平台店铺：激光制造网 laserfair.com/com/tieyiwei；公众号「铁衣卫」为对外主入口）,展柜/展览展示柜/陈列柜/手机展柜 + 钣金加工（激光切割、冲压、折弯、喷涂一站式）,△ 部分：无官网可验，靠行业平台店铺 + 公开档案交叉——2009 年注册（注册资本 1600 万），工厂面积 6 万㎡、钣金设备 80 多台、技术工人 500+、工程设计 30+；客户包括 vivo、OPPO、一加、iQOO、realme、传音、以纯、海底捞。平台标注「公司规模 100–499 人」与技术工人 500+ 略有出入，需电话核准在册人数,行业平台档案（注册 2009 / 资本 1600 万 / 规模 100–499 人）∩ 自述（6 万㎡、500+ 技工、80+ 台钣金设备）→ 地址与客户一致；**人数口径冲突**（平台 100–499 vs 自述 500+）,14774999145,未公示（走公众号「铁衣卫」或平台留言）,广东省东莞市沙田镇环保城 602 号,微信公众号「铁衣卫」（原文：微信搜索公众号「铁衣卫」即可联系）+ 激光制造网商铺,先关注公众号「铁衣卫」并在后台留言「想看钣金/展柜车间」，或直接打 14774999145；问「手机品牌客户改图频繁，钣金程序与展柜图纸的版本怎么对」,展示道具·钣金制造,手机/连锁品牌展柜展台 + 精密钣金加工（激光切割/冲压/折弯/喷涂）,案例 B,24,客户是手机品牌（换代快、改图频繁）、钣金 + 展示两套工艺并存（工序最长）、500+ 技工（管理半径到了瓶颈）、6 万㎡自有厂房,无官网（品牌规范度待观察）；人数口径 100–499（平台）vs 500+（自述）；沙田镇供应链配套好但客户集中度高,「工程变更 + 钣金程序版本」：一次图纸改错，激光程序跑错板料，损失按平方算,激光制造网店铺页 · 企业公开档案 · 2026-09-12 核实,中（无官网；平台档案 + 自述交叉，人数口径不一致）,2026-09-12
B,新增·观察 —— 自述厂房 300 多亩、年产值 50 亿，规格上千种；规模可能超甜点区，但「家装线窜货管理 + 上千规格排产」是现成痛点，可作 A 类候选的备选,珠三角,广东珠江电线电缆有限公司,广东,佛山南海,https://www.gdzjdl.com,充电桩电缆、光伏电缆、电力电缆、家装电缆、数字化网络线缆、控制线、特种/阻燃/耐火/低烟无卤/防白蚁/矿物质绝缘电缆（几十系列上千规格）,✓ 自述一致：官网（二十几年历史、厂房 300 多亩、年产值 50 亿、设备与生产流程页、质量保证与技术认证）+ 阿里商城 + 国际站 → 电商与出口并重；品牌名「珠江电缆」在行业报道中活跃,官网（地址/设备/认证/招聘）∩ 阿里商城 ∩ 国际站 → 一致；**年产值 50 亿缺第三方佐证**（未见披露员工数，人均产值需核）→ 现场问「多少人在几个车间」最能验证,400-839-2288 · 0757-81772069 · 18807650694（营销部）,zjdl09@gdzjdl.com,广东省佛山市南海区里水镇和桂工业园 A 区 A-2 栋,官网「微信扫码」+「关注微博」入口 + 阿里商城 + 国际站（三渠道齐全，家装品牌打法）,400 转营销部；家装线生意最痛的是**渠道窜货与库存对账** —— 用「一码到底管到经销商」开场，比讲车间更打动人,线缆·家装渠道,家装电线、电力电缆、控制/通讯电缆、充电桩与光伏电缆、阻燃耐火与矿物质绝缘电缆,案例 A,24,上千规格（多品种小批量）+ 家装渠道（窜货/返利/库存对账）+ 电商与出口（验货与批次）,规模可能超出甜点区；家装渠道型企业常已有经销商管理系统；50 亿产值口径未经验证,「一码到底 + 经销商窜货」：一根线卖到哪个市、哪家店，出厂就锁死,官网 gdzjdl.com · 阿里商城/国际站 · 行业报道 · 2026-09-12 核实,中高（官网为主 + 行业媒体；财务口径无第三方）,2026-09-12
B,新增·观察 —— 出口项目对装箱清单与批次要求高，机制对口；主体为天谱安旗下子公司、施工队 200 人，属工程型企业，先核实制造端规模,珠三角,广东众工钢结构有限公司,广东,佛山高明,https://www.gdzgsteel.com,钢结构设计、加工、施工、维护一体化；产品含钢结构厂房、雨棚、连廊、停车库、人行桥、电梯井；30000㎡ 生产基地、年产量 20000 吨以上、客户含中国铁建与比亚迪,✓ 一致并更强：官网（3 万㎡基地、年 2 万吨、60 人技术团队、200 人施工团队、1000+ 案例）∩ 母公司站（佛山市天谱安建材科技有限公司，对外口径 3 万㎡基地 / 月 2000 吨）→ 两套口径换算基本吻合（2000 吨/月 ≈ 2.4 万吨/年）,官网 ∩ 母公司站 ∩ 顺企网 → 产能口径吻合；**签约主体（众工 vs 天谱安）与实缴资本**需确认；出口案例（巴新鸡舍、以色列库房）与官网自述一致,0757-85752283（24h）· 13690827676 / 13790036889（丘工，微信同号）,未公示（在线留言）,佛山市高明区明城镇高田路水库南侧自编厂房 1 号,微信（手机号同号 ×2）+ 手机网站二维码；官网有「企业视频」栏目,加丘工微信（手机同号）问「出口项目的构件编号与装箱清单谁出、错一件到港要赔多少」——出口错件成本极高，最易达成共识,钢结构·出口构件,钢结构设计/加工/施工一体化（厂房、连廊、停车库、人行桥、电梯井）；年产能 2 万吨以上，出口 40 国,案例 B,23,出口（验货 + 装箱清单）+ 非标构件 + 齐套 + 200 人施工队与 60 人技术（管理半径到顶）,主体母子公司结构；规模中等偏小；出口以东南亚与南太为主（物流与汇率波动）,「装箱清单零差错」：出口构件错一件，海运费与工期全赔,官网 gdzgsteel.com · 母公司站（天谱安）· 顺企网 · 2026-09-12 核实,中（官网 + 关联站；主体待核）,2026-09-12
B,新增·观察 —— 总包项目制 + 非标台柜，机制对口；但双官网、双地址、双热线（集团/品牌两套）说明管理规范度一般，先核实主体与厂址再投入,珠三角,广东天赐湾实验室装备制造有限公司（TMOON）,广东,佛山三水,http://www.tmoon.com.cn（品牌运营中心 http://www.tmoonlab.com）,实验室基础装备（全钢实验台、通风柜、安全柜、药品柜、移动中央台等）+ 实验室整体建设总包 + 实验室 PDM 产品寿命管理系统 + 送排风智能控制,△ 双官网双口径：tmoon.com.cn 地址写「佛山三水芦苞镇工业园开发区（F3）」，另一页写「芦镇工业园 D 区懿龙路 8 号」，热线 0757-87669477 / 400-822-3755；tmoonlab.com 热线 400-6806-815、邮箱 tmoonlab@163.com，自述深耕 18 年，友情链接指向「科艺普集团」→ 品牌与制造主体关系、厂址需电话核准,两个官网（地址/热线/集团归属三处不一致）+ 品牌站案例 → 主营一致；**主体归属与厂址冲突**：交叉验证识别出「品牌运营 + 制造主体分离」的常见结构，签约前必须确认开票主体,0757-87669477 · 400-822-3755 · 400-6806-815,tmoonlab@163.com,广东省佛山市三水区芦苞镇工业园（D 区懿龙路 8 号 / F3，两口径待核）,微信公众号「TMOON」（官网扫码）+ 微信 tmoonlab,打 400 转「工程/生产」，问「实验室总包项目里，台柜与通风管件怎么齐套、现场变更谁签字」——总包项目变更是最痛的一环,实验室装备·总包工程,全钢实验台、通风柜、试剂柜/安全柜 + 实验室总包（设计/装修/通风/供气/净化/废液）+ 实验室 PDM 系统,案例 B,23,总包项目制（设计+制造+施工）+ 非标台柜多 + 官网已提「PDM 产品寿命管理」（说明对产品档案有概念，教育成本低）,双官网口径混乱（管理规范度存疑）；工程与服务占比高，制造利润薄；主体分离导致签约复杂,「一套实验室的交付档案」：台柜 + 管件 + 变更 + 验收，一次成型,官网 tmoon.com.cn / tmoonlab.com · 品牌站 · 2026-09-12 核实,中（官网自述为主，双口径需核）,2026-09-12
B,新增·观察 —— 1991 年老厂、4 个生产基地、10 条门线 + 3 条卷帘线；规模可能偏大（官网自述 500 多人 / 1000 多人两版），先核实在册人数与厂区分布,珠三角,广州市南粤防火门有限公司,广东,广州从化/白云,http://nyfh.com.cn（另有 bynyfanghuomen.com 同主体站点）,各类防火门窗、防火卷帘门、挡烟垂壁的设计/研发/生产/销售/安装（含医用抗菌门、铝质耐火窗、超大异型折叠卷帘）,△ 部分：两个官网口径不一致——nyfh.com.cn 称「总投资 1.5 亿多元、厂房 6 万多㎡、员工 1000 多人」，bynyfanghuomen.com 称「总投资 3000 多万元、厂房 2 万多㎡、员工 500 多人、研发 20 多人」；两站均称广东 4 个生产基地、10 条防火门窗线 + 3 条卷帘线、年产防火门 30 万樘。企业主体与地址（从化太平经济开发区 + 白云钟落潭分厂）可交叉确认，规模数据待现场核,**两个官网互相冲突**（nyfh.com.cn：投资 1.5 亿 / 厂房 6 万㎡ / 1000+ 人 vs bynyfanghuomen.com：3000 万 / 2 万㎡ / 500 人）∩ 行业榜（年产 30 万樘）→ 产品与地址一致、规模两版；多源对照直接暴露「对外口径未统一」,020-87563943（天河办公）· 13600469372 · 133-1088-8104（兰先生）,sixuepiao@163.com,总部：广州市从化区太平经济开发区创业路 29 号 2 栋；良田分厂：白云区钟落潭镇良狮横路 70 号；办公：天河区黄埔大道西 433 号 302 室,微信公众号/微信客服（官网「微信客服」）+ 阿里巴巴店铺（官网「阿里巴巴：广州南粤」）+ QQ 客服,打 133-1088-8104（兰先生）问「4 个基地之间半成品怎么调、防火门 3C 认证与消防验收台账谁管」；消防门行业 3C + 验收资料是硬门槛，台账切入最顺,门业·防火门卷帘,钢质/木质/钢木质防火门、防火卷帘、挡烟垂壁、防火窗（年产防火门 30 万樘）,案例 B,23,消防 3C 认证与工程验收（资料留痕是刚需）、4 基地多厂区（跨厂协同难）、30 万樘产能 + 超大异型卷帘（非标）,两站点规模口径矛盾（1.5 亿/6 万㎡/1000 人 vs 3000 万/2 万㎡/500 人）；老厂可能已有基础系统；跨厂区管理意味着试点范围要先划清,「3C 认证资料 + 项目验收台账」：一次消防验收材料不齐，返工与工期账最直观,官网 nyfh.com.cn 与 bynyfanghuomen.com · 广东防火门行业榜 · 2026-09-12 核实,中（双官网口径矛盾，需现场核）,2026-09-12
C,新增·降级观察 —— 2020-12 已被美的集团并购（现属美的楼宇科技），决策链归集团；仅在美的体系内做「狮山单厂试点」才有意义，不作为独立目标投入,珠三角,菱王电梯股份有限公司,广东,佛山南海,http://www.winone.cn,电（扶）梯研发、设计、制造、销售、安装、维保；A 级制造安装改造维修资质；狮山基地 100 亩、125 米超高速电梯试验塔,△ 主体已变：官网仍以独立品牌呈现，但美的集团官网新闻 + 新华网 + 界面新闻交叉证实——2020-12-11 美的暖通与楼宇事业部与菱王电梯完成并购交割，菱王现属美的楼宇科技；注册资本 1.02 亿、广东省著名商标、出口 40 多个国家,美的官网新闻（2020-12 并购交割）∩ 新华网 2025-07 报道（「同年并购菱王电梯」）∩ 界面新闻（并购争议报道）→ 归属关系三方一致；**招聘资料仍自述「准上市企业」**（2017 年前后口径未更新）→ 官网/招聘信息滞后，交叉验证识别准确,0757-66827888 / 66827828 · 400-700-7722（客服）· 0757-66827896（招聘）,sales@winone.cn · hr@winone.cn,广东省佛山市南海区狮山镇兴业路狮山科技工业园北园,官方微信「菱王电梯」（公开校招资料列出）；无独立抖音线索,先电话核准信息化归口（佛山狮山 or 顺德美的总部）；若走美的体系，需按集团供应商/合作流程，节奏与独立民企完全不同,电梯·非标定制（美的系）,乘客/观光/商务/医用/家用/载货/汽车电梯 + 自动扶梯与人行道；狮山 + 三水两大基地,案例 B,23,非标电梯 + 出口 40+ 国 + 双基地协同；美的体系内有数字化预算,集团化决策（试点可能被集团 IT 收编）；并购后管理层与流程处于整合期，变数大,若接触：只谈「狮山单厂内的一段」，并明确不进集团系统,官网 winone.cn · 美的集团新闻（2020-12-12）· 新华网（2025-07-21）· 界面新闻 · ip138 品牌榜 · 2026-09-12 核实,中高（并购事实多源一致；官网数据未更新）,2026-09-12
B,新增·观察 —— 有展厅 + 出口业务，但厂房面积与人数官网自相矛盾（2 万㎡/12 万㎡、200 人/600 人），先电话核准规模再定投入,珠三角,广东德云医养家具制造有限公司,广东,佛山南海,http://www.deyunyy.com,医养家具（医院系统家具 + 养老院系统家具），含导医台、护士站、治疗柜、处置柜、护理床、适老桌椅，自述工程投标合作 + 外贸出口,△ 部分：官网同一页面出现矛盾口径——「拥有占地 2 万平方米的厂房」与「生产用地 12 万平方米」，以及「专业技术人员 200 多人」与「600 多人」；工商登记地址为佛山市南海区九江镇上东建星村工业区厂房（租用厂房），另有顺德乐从团亿家具城展厅。规模与自有产能待现场核实,官网（同一页两套：2 万㎡ vs 12 万㎡ / 200 人 vs 600 人）∩ 佛山南海家具厂名录（九江镇上东建星村工业区厂房）→ 地址一致；**规模数据自相矛盾**，属交叉验证识别出的重点待核项,188-2085-1956（周董）· 181-2666-2756（周总）· 18126662756（办公）,17796944@qq.com,佛山市南海区九江镇上东建星村工业区（展厅：佛山市顺德区乐从镇团亿家具城 2 座 4 楼）,微信公众号/二维码（官网「扫一扫获取方案」）+ 官网在线留言,先打 188-2085-1956（周董本人接的多），问「九江厂房是自有还是租的、多少工人、有没有喷漆房」；佛山医养家具靠工程投标，从「投标台账」切入,医养家具·工程定制,医院系统家具（导医台/护士站/治疗柜）+ 适老家具（护理床/适老桌椅）,案例 B,22,工程投标驱动、医养双线、有展厅与出口、老板可直连（决策快）,规模口径矛盾（厂房 2 万 vs 12 万㎡、人数 200 vs 600）；租用厂房说明重资产投入有限；付费能力待验证,先核规模再约半天走车间；切入话术用「投标要的资质证据与责任链」,官网 deyunyy.com · 佛山南海区家具厂名录 · 2026-09-12 核实,中（官网为主，存在内部矛盾口径，需现场核）,2026-09-12
B,新增·观察 —— 高度非标（景区栈道/酒店艺术玻璃），破损与返工是真金白银；但规模无第三方数据、可能外协钢化，先电话核自有工序,珠三角,广东海博特种玻璃科技有限公司,广东,佛山顺德,https://www.gzglass.cn,特种玻璃深加工：夹胶、中空、玉石、艺术、钢化玻璃；防滑玻璃（景区栈道）、夹丝玻璃（3C 认证）、彩釉、超大超宽、单向透视、天空之镜,✓ 一致并更强：官网 + 玻璃行业平台店铺（hibo.glass.com.cn）交叉——坐落佛山顺德陈村镇环镇东路 6 号，联系人为创始人曹海博与魏华彬；主打「人无我有」的特种玻璃，工程属性强（酒店/幕墙/景区）,官网 ∩ 玻璃网店铺（同地址 + 同两个手机号）→ 一致；**企业规模（人数/产能/是否自有钢化炉）无第三方数据** → 现场核实自有工序比例,13533794186（魏先生）· 13178822749（曹总）,admin@gzglass.cn（官网标注为投诉邮箱，也是唯一公示邮箱）,广东省佛山市顺德区陈村镇环镇东路 6 号,玻璃行业平台店铺（产品页持续更新）+ 官网在线留言；无公众号入口,直接打曹总手机，问「一块异形艺术玻璃从图纸到出厂，尺寸、炉次与破损责任怎么记」——玻璃运费与破损率高，这一问最容易共鸣,玻璃深加工·特种玻璃,钢化/中空/夹胶/防弹/防滑/玉石/镶嵌/彩釉/超大超宽玻璃，定制玻璃砖与挂片，SGP 夹胶防滑栈道玻璃,案例 B,22,高度非标 + 工程交付（酒店/幕墙/景区）+ 破损返工损失大 + 3C 认证与工程验收有台账要求,规模不明；贸易+加工混合模式可能外协；顺德玻璃同业竞争激烈、价格敏感,「异形尺寸 + 炉次 + 物流破损」三段留痕，出一份可给甲方看的交付档案,官网 gzglass.cn · 玻璃网店铺（hibo.glass.com.cn）· 2026-09-12 核实,中（官网 + 行业店铺；规模数据缺）,2026-09-12
B,新增·观察 —— 中国联塑（2128.HK）成员企业、10 万㎡基地、出口欧美：模块化齐套是命门；但集团化决策，只宜做「试点边界明确」的接触,珠三角,广东领盛装配式建筑科技有限公司,广东,佛山顺德 / 江门鹤山,https://www.lesntec.com,装配式轻钢结构、建筑全钢爬架、整体厨房与整体卫生间、装配式房屋（星舫太空舱）、建筑空间数字化逆向建模、产业工人培训与劳务,✓ 一致并更强：官网证实——2018 年 4 月成立，**中国联塑（2128.HK）集团成员企业**；生产基地 10 万㎡、总投资 4 亿元、113 项专利；业务辐射全国，产品出口美国、澳大利亚、法国、新西兰，并渗透马来西亚、印尼、柬埔寨,官网 ∩ 联塑集团背景（港股披露）∩ 行业报道 → 归属与基地规模一致；**官网未公示固话**（只给邮箱与在线留言）→ 首触走邮箱或集团总机，交叉验证识别出「官网不列电话」＝B 端集团打法,官网未公示固话；走邮箱或联塑集团总机转接,lesntec.mkt@lesso.com,总部：佛山市顺德区龙江镇龙洲西路 77 号联塑 A 区 5 楼；工厂：江门市鹤山共和工业城和顺路富华工业园 611-619 号,官网微博 + 微信入口；联塑集团体系渠道,发邮件到 lesntec.mkt@lesso.com（注明来意与合作点），或走联塑集团总机转；问「太空舱/整体卫浴的模块齐套与发运怎么管」,装配式建筑·模块化,装配式轻钢结构、全钢爬架、整体厨房与卫生间、装配式房屋（太空舱/MIC 钢结构房屋）、数字孪生逆向建模,案例 B,22,模块化生产（齐套即命门）+ 出口欧美（验货与装箱）+ 集团背景（有预算与合规要求）,集团化决策、可能走联塑体系 IT；试点须划清边界；2018 成立、组织年轻，流程仍在定型,「一个模块的出厂齐套清单」：缺件到工地，吊装与工期全赔,官网 lesntec.com · 联塑集团信息 · 2026-09-12 核实,中高（官网 + 集团背景）,2026-09-12
B,新增·观察 —— 构件非标 + 现场齐套是命门，机制对口；但「江门富生（50 万）」与「集团 3000 万」两个资本口径并存，先确认签约主体,珠三角,江门市富生钢结构有限公司（广东富生建设集团）,广东,江门开平,https://www.zgfsqy.com,钢结构工程、变截钢与围护材料生产销售；两条轻钢生产线，年产量 3 万吨；另有湖南衡阳祁东基地,✓ 一致：官网 + 工商名录交叉——坐落开平市翠山湖新区，占地约 50 亩、两幢厂房约 15000㎡、堆场 15000㎡、投资 5000 多万元；工商登记主体「江门市富生钢结构有限公司」地址为开平市翠山湖新区翠湖二路 8 号 2 座一楼，注册资本 50 万（与官网「集团注册资金 3000 万」不同主体）,官网（集团口径 3000 万/50 亩/3 万吨）∩ 顺企网工商名录（江门富生 50 万注册资本）→ **主体与资本口径不一致**，属「集团 + 项目公司」结构；签约与开票主体必须现场确认,0750-2888933 · 400-1520-188 · 137-0240-0039,fsqy2015@163.com,广东省开平市翠山湖工业区翠湖二路 8 号,微信（官网扫码）+ 在线咨询；无公众号入口,打 0750-2888933 问「一个项目几百根构件，编号与发货清单怎么对、现场缺件怎么补」——钢构现场缺件直接停工，这个痛点最硬,钢结构·工程构件,钢结构工程与构件加工（变截钢、围护材料）；2 条轻钢生产线，年产 3 万吨,案例 B,22,构件非标 + 齐套（发货少一根，现场停工）+ 质保资料与验收要求 + 双基地（跨基地协同）,资本口径混乱；钢构行业价格战、利润薄；可能以施工为主、加工外包,「构件身份证 + 发货清单」：出厂扫一下，到场少不少一眼知道,官网 zgfsqy.com · 顺企网工商名录 · 2026-09-12 核实,中（官网 + 工商；主体口径待核）,2026-09-12
B,新增·观察 —— 2011 年成立、注册资本 600 万，专做不锈钢防火门（含超大尺寸非标）；规模小但工艺全，适合作为佛山门业的轻量试点,珠三角,广东皓晖消防设备有限公司,广东,佛山南海,无独立官网（百度爱采购/B2B 店铺为线上门面）,防火门系列：不锈钢防火门、钢质防火门、不锈钢玻璃防火门、防火窗、防火卷帘门、挡烟垂壁；主打 304/316 不锈钢与超大尺寸非标门,△ 部分：无官网可验，靠工商公示 + 百度爱采购店铺交叉——2011-10-28 成立、注册资本 600 万元、法人李强、地址佛山市南海区桂城街道内涌源环村南路工业地块 1 号厂；经营范围含「设计、产销、安装、维修：消防设备、钢质/木质防火门、防火卷帘门、防火窗……」。规模与自有产能无可核数据,百度爱采购店铺 ∩ 工商公示（2011-10-28 成立、注册 600 万、法人李强）∩ 广东防火门行业榜（第 5，仅供参考）→ 主体一致；**经营数据（产量/人数）第三方缺失** → 以工商与现场为准,百度爱采购店铺在线咨询（未公示固话）；工商登记电话需现场索取,未公示,广东省佛山市南海区桂城街道中区居委会内涌源环村南路工业用地块 1 号厂,百度爱采购店铺（在线咨询 + 商品页）+ 1688 类 B2B 渠道,通过爱采购店铺在线咨询或直接到厂（南海桂城内涌源环村南路），问「不锈钢门与钢质门混线生产时的工序卡怎么走」；小厂老板常在车间，适合直接上门,门业·不锈钢防火门,不锈钢/钢质防火门、防火窗、防火卷帘门、挡烟垂壁,案例 B,21,不锈钢 + 钢质双材质、超大尺寸非标、消防资质（3C）要求台账、规模小决策快,注册资本仅 600 万、无官网，公开信息薄；成交量与产能待核；可能以安装工程为主、生产外协,「非标订单 + 3C 台账」，先确认是否自有生产再投入,百度爱采购店铺/工商公示 · 广东防火门行业榜（第 5 名，仅供参考）· 2026-09-12 核实,低-中（无官网；工商公示为主，经营数据缺）,2026-09-12
C,新增·轻量观察 —— 项目制、钢制柜体自制（有钣金/喷涂工序），但规模小、信息薄；作为珠三角实验室板块的补充线索，不投入方案,珠三角,广州卓平实验室设备有限公司,广东,广州,http://www.gzzplab.com,实验室家具（全钢/钢木中央台与边台、通风柜、储存柜、天平台、高温台）+ 实验室装修与系统工程（通风 VAV、净化、水电气通讯）,✓ 一致：官网自述 2011-03 成立、10 余年、自主生产实验室家具并承接装修与系统集成；案例名单含中国石油、中国医药集团、华南农业大学、松下空调、万力轮胎研究院、广州建科院,官网（成立时间、案例、自有生产表述）∩ 实验室装备行业名录 → 主营一致；**厂址与规模无第三方数据** → 电话核实是否自有车间,020-89287120,未公示（官网在线留言）,广州市（官网未公示完整厂址，需电话索取）,官网在线留言；未采到公众号入口,打 020-89287120 问「一年做多少个实验室项目、台柜是自制还是外购」——先判断是制造型还是施工型，再决定是否值得投入,实验室设备·工程,全钢/钢木实验台、通风柜、药品柜/气瓶柜/安全柜、天平台；实验室装修与通风 VAV、净化系统,案例 B,20,项目制 + 钢制柜体（钣金/喷涂工序）+ 多品种小批量 + 客户多为国企/院校（对资料要求严）,规模偏小；可能以外购台柜 + 施工为主（制造端价值有限）；广州同城同类企业多,「柜体 + 台面 + 管路的齐套清单」，先用一个项目试点,官网 gzzplab.com · 实验室装备行业名录 · 2026-09-12 核实,中低（官网自述为主）,2026-09-12
C,新增·观察 —— 官网信息薄、规模小（自述 1 万+ 客户、无厂房面积与人数）；适合作为「珠宝展柜」细分的信息源，暂不投入方案,珠三角,深圳市昊晟展示工程有限公司,广东,深圳坪山,https://www.szhczsgc.com,终端展柜定制：珠宝展柜、化妆品展柜、首饰展柜、服装展柜、连锁品牌展柜 + 家具定制；含设计、装饰、道具生产、安装维修,△ 部分：官网内容与主营一致，但**无厂房面积、无员工数、无成立时间**等可核指标；地址为深圳坪山区坑梓街道宝梓北路 91 号（工业区地址，符合小型展柜厂特征）。自称「10000+ 客户口碑」属宣传口径，不作规模证据,仅官网自述（珠宝/化妆品展柜、1 万+ 客户、坪山宝梓北路 91 号）→ **无第三方数据可交叉**，可靠度最低的一类；建议电话核实厂房与员工后再决定投入,189-9810-0266,1152882800@qq.com,深圳市坪山区坑梓街道宝梓北路 91 号,官网在线客服 + 微信（同手机号 189-9810-0266）,加微信（手机号即微信号）先发案例，问「珠宝展柜打样到批量，五金件与灯光件齐套谁管」；规模小，适合做轻量样板而不是主攻客户,展示道具·珠宝化妆品,珠宝/化妆品/首饰展柜定制（设计 + 装饰 + 道具生产 + 安装维修）,案例 B,20,珠宝展柜单价高、客户改图频繁、多材质（亚克力/不锈钢/灯光）齐套复杂,规模与产能无可核数据；深圳坪山人工成本高、小厂现金流紧；付费能力存疑,「打样-批量一致性 + 五金件齐套」，轻量切入,官网 szhczsgc.com · 2026-09-12 核实,低-中（仅官网自述，缺第三方佐证）,2026-09-12
C,维持 C —— 不建议主攻，可作分包/标杆,珠三角,江门中集数字能源装备有限公司,广东,江门,https://www.cimcdigitalpower.com,全预制模块化数据中心解决方案 + 撬块解决方案（前期规划/深化设计/BIM 交付一体化）,✓ 一致：中集建科全资子公司，1999-05-21 成立、注册资本 1.28 亿；已承建约 10 万㎡ 数据中心、3000 个模块、1 万+ 机柜 → 规模与流程远超甜点区，维持『不建议主攻』,中集数能官网 ∩ 智联招聘企业页（附工商信息）→ 中集建科全资子公司 / 1999-05-21 成立 / 注册资本 1.28 亿一致；规模远超甜点区为共同结论,+86 755 21614789（深圳办公室，中国区）· +60 7 7069901（马来西亚）,modulardc@cimc.com,深圳办公室：深圳市南山区太子路 1 号新时代广场 25 楼；生产主体在江门,（待补）—— 走集团通道（投关/招商），官网 cimc.com；对口邮箱 modulardc@cimc.com,深圳办公室 +86 755 21614789；modulardc@cimc.com；只谈江门工厂的模块齐套场景,模块化建筑,模块化数据中心，累计交付超1000MW,案例B,18,模块化预制=天然齐套与追溯场景,中集旗下，规模与流程远超甜点区，只能做分包,（不建议主攻）,中集数能官网 + 智联招聘企业页（附工商信息） · 核实日 2026-09-11,高,2026-09-11
S,维持 S —— 先确认谈哪个主体（集团 800+ 人 vs 单厂），别对着集团谈单厂的事,其他 · 山东 滨州,山东省博兴县聚鑫源精密薄板有限公司,山东,滨州博兴,https://www.jxyjmbb.com （首页抓取超时，子页可开：/qiyejianjie.html）,镀锌板 / 镀铝锌板 / 彩涂钢板（含印花、压花、彩铝多能线）；集团三个彩钢品牌：聚鑫源、鲁匠、容重实业,✓ 一致并更强：官网自述 2007-06-14 成立、2009 首条彩涂线、2011 富海材料科技（第二基地）、2016 第 8/9 条线（印花彩涂 + 镀铝锌硅）、2017 高洁净彩涂线（鲁匠牌）；产品出口 70 多个国家、**出口占比 60%+、连续五年彩涂板（卷）出口量全国第一** —— 与名单的『出口 60%+』完全对上；注意顺企网称集团职工 800 余人（= 甜点区上限），谈之前先确定谈集团还是单厂,官网企业简介页 ∩ 顺企网企业页 → 2007-06-14 成立、出口占比 60%+、连续五年彩涂板出口全国第一一致；**人数两口径**（顺企网集团 800 余人 vs 单厂未公示）→ 先定谈集团还是单厂,0543-2280579（公司总机）,jxyjmbb@163.com,山东省滨州市博兴县店子工业园聚鑫源路 6 号,官方公众号「聚鑫源」+ 公众号「鲁匠」（官网底部双入口）,总机 0543-2280579 → 转生产/信息；出口线走 jxyjmbb@163.com；地址在店子工业园聚鑫源路 6 号，可与金盛泰（同园区 12 号）同日拜访｜补充：官网联系页另给：外贸部 0543-2260960 / 15666497771（闫总）、18954309105（孙总）、info@jxymetal.com、地址写「博兴经济开发区富源二路 96 号」——与名单里的「店子工业园聚鑫源路 6 号」不一致，可能是新增厂区，拜访前先确认按哪个地址接待,卷材加工,镀锌板/镀铝锌板/彩涂钢板/印花彩涂,案例A,29,出口占比60%+，彩涂出口全国第一→海外客户要求批次追溯与验厂；多品牌多规格，等级管理刚需,出口导向，内控投入意愿待确认；集团多主体，权限隔离会先被提出；现有系统边界需摸清,客户验厂/出口批次追溯：一卷料的完整档案,官网企业简介页 + 顺企网企业页 · 核实日 2026-09-11,高,2026-09-11
S,维持 S —— 官网证实还有【租赁】业务，追溯价值更高,其他 · 河北 衡水,阜城县华营集成房屋有限公司,河北,衡水阜城,http://www.hyzdf.com,双翼拓展箱房 / 折叠箱房 / 住人集装箱 / 标准折叠房 / 单层房 / 二层房 / 特殊定制房（研发生产销售租赁）,✓ 一致并补充：官网自述有【租赁】业务（租赁要管出入库、损耗、回收 → 追溯价值更高）；工商：2018-01-31 成立、注册资本 6000 万、实缴 607.86 万、法定代表人 范志强；在申报专精特新/高新技术企业,官网首页/页脚 ∩ 华夏泰科工商公示页 → 2018-01-31 成立 / 注册资本 6000 万 / 实缴 607.86 万 / 法人范志强一致；租赁业务属官网新补充信息,18501019333（微信同号）· 18501016878 · 联系人：范经理,1017505565@qq.com,河北省衡水市阜城县经济开发区,微信（范经理 18501019333 微信同号）；无官微线索,微信同号 18501019333（范经理）先加微信发案例；1017505565@qq.com 备用；提『租赁回收 + 出口到岸齐套』,集成房屋,拓展式集装箱别墅，产品全部出口欧美,案例B,27,全出口→客户验厂与标准要求是准入门槛；折叠结构强齐套，缺件导致到岸无法安装；阜城48家上下游→复制价值最高,公开报道口径不一（营收量级偏低），规模与现金实力需核实；外贸团队驱动，老板更关注获客,一个集装箱模块的出厂齐套清单+到岸不返工,官网首页/页脚 + 华夏泰科工商公示页 · 核实日 2026-09-11,高,2026-09-11
A,维持 A —— 官网 2026 年仍在更新（单项冠军 / 印尼 SNI），扩产期信号,其他 · 山东 滨州,山东力强钢板有限公司,山东,滨州博兴,https://www.liqiangsteel.com,彩涂钢板 / 镀锌板·镀铝锌板 / 冷轧板 / 卷材 / 热轧板 / 彩钢瓦 / 复合板 / 民用镀锌钢板,✓ 一致并补充：官网挂了天津多彩钢铁、青岛星锐进出口两家关联公司（说明外贸体系独立）；2026-09-01 新闻『荣获山东省制造业单项冠军』、2026-08 印尼 SNI 认证专家组到厂 → 出口合规 + 外部压力信号成立,官网首页（产品栏目）∩ 关联公司页（天津多彩钢铁 / 青岛星锐进出口）∩ 省制造业单项冠军公示（2026-09-01）→ 三项一致；**员工 500+ 为官网口径** → 单厂人数需核,400-0543-999（全国免费）· 0543-2969077/78/79（国际贸易部）· 0543-2969042（人力）· 0543-2969000（监督）,liqianggangban@163.com,山东省滨州市博兴县店子工业园区（邮编 256508）,官网有「企业视频」栏目 + 云展网电子画册（yunzhan365.com/read/osyy）；线上替代触点：顺企网/黄页店铺 + 官网在线留言（400-0543-999）——首页/页脚无公众号入口,全国线 400-0543-999；国际贸易部 0543-2969077/78/79（外贸线索从这条进）；人力 0543-2969042 问系统岗是否在招,卷材加工,彩涂板/镀锌板/冷轧板；镀锌6线150万吨、彩涂3线60万吨,案例A,26,多子公司→天然权限与多组织需求；全国市占约7.8%，成材率/呆滞改善直接等于利润,500人+大体量，可能已有较完整系统或专职IT；子公司多决策链分散,卷料呆滞分档（30/90/180天）+等级匹配发货,官网首页（栏目：产品展示 8 类） · 核实日 2026-09-11,高,2026-09-11
A,维持 A —— 无官网，先电话核实规模再投入,其他 · 山东,山东好运来集成房屋有限公司,山东,山东（需核实）,未找到官网（推广文/微信为主）,太空舱集成房屋 / 景区集成房屋 / 钢结构移动房屋 / 营地民宿（研发-生产-安装-维保一体）,△ 部分：注册资本 300 万、16710㎡ 厂房、员工 200 余人、年销售额 8000 万 —— 与名单口径一致；但来源是推广性质文章，且**注册资本偏小（抗风险与付款能力弱）**，投入前先电话核实厂房与在制项目,推广文 ∩ 微信公众号名企推荐 → 注册资本 300 万 / 16710㎡ / 员工 200 余人 / 年销 8000 万，两处来源实为同一推广素材 → **交叉验证价值低**，投入前先电话核实厂房与在建项目,15562955363（陈，微信同号）,,山东（具体厂址待核实）,微信（陈 15562955363 微信同号）；无官网、无官微,文旅装备展+产业集群,集成房屋,太空舱/景区集成房屋/应急与文旅配套,案例B,26,200人/8000万正中甜点；文旅基建项目交期刚性验收严格；项目制非标+现场安装,注册资本仅300万，抗风险与付款能力需核实；信息来源为推广页,一个景区项目的工厂预制+现场安装齐套清单,推广文 + 微信公众号名企推荐 · 核实日 2026-09-11,中,2026-09-11
A,维持 A —— 与聚鑫源同在店子工业园，可同日拜访,其他 · 山东 滨州,山东省博兴县金盛泰板业有限公司,山东,滨州博兴,http://www.cnjststeel.cn （英文站 www.jststeel.com）,镀锌板 / 彩涂板（彩涂一、二线；镀锌一、二线）,✓ 一致；官网自述：2009 年成立、占地 110 余亩、员工 160 余人、镀铝锌硅线两条（30 万吨）+ 彩涂线两条（15 万吨）、年产能近 60 万吨；地址在『聚鑫源路』→ 与聚鑫源同园区，可同日拜访,官网首页 ∩ 页脚联系方式 ∩ 园区关联企业（聚鑫源路）→ 2009 年成立 / 占地 110 余亩 / 员工 160 余人 / 两条镀铝锌硅线 + 两条彩涂线一致；与聚鑫源同园区可同日拜访,15066996178 / 17305436188 / 13561556660,,山东省博兴县店子镇工业园聚鑫源路 12 号,微信（15066996178 可加）；无官微线索,咨询热线 15066996178（微信可加）；官网有在线留言；先问「四涂四烘线」实际在跑几条,卷材加工,镀锌板/彩涂板/镀铝锌硅板，4条生产线,案例A,25,员工规模正中甜点（无独立IT）；4条线多规格，卷料管理复杂度刚好；已有出口加分,集群内同质化竞争激烈，对软件价格敏感；现有系统需确认,成材率与盘亏口径：每卷少浪费1~2米×年用卷数,官网首页 + 页脚联系方式 · 核实日 2026-09-11,高,2026-09-11
A,维持 A —— 品类极多、年产能 5 亿+，齐套是刚需,其他 · 四川 成都,成都汇鸿科技集团有限公司,四川,成都,http://www.huihongcn.com,公寓床 / 课桌椅 / 钢制柜 / 部队制式营具 / 办公家具 / 医养家具 / 礼堂椅 / 公共座椅；教育·医疗·办公空间解决方案,✓ 一致并更强：1998 年成立、年产能 5 亿元以上、注册资本 5168.8 万；品类确实极多（多品种小批量）→ 齐套与交期是刚需,官网联系页 ∩ 品牌资料页 → 1998 年成立 / 年产能 5 亿元以上 / 注册资本 5168.8 万一致；官网页脚挂微信公众号与视频宣传 → 线上入口齐,400-880-7215（客服）· 028-85750608（总部）· 028-82222123,cdhuihong@163.com,四川省成都市崇州经济开发区晨曦大道南段 429 号,官网底部「官方微信」二维码（扫码关注）+ 「视频宣传」栏目；另有在线报修/派单/定位签到入口（说明已有服务端系统）,400-880-7215 → 转信息/生产；028-85750608 总部；邮箱 cdhuihong@163.com,家具制造,教学/医养/办公家具，品种1000+,案例B,24,品种1000+且以招投标为主→典型多品种小批量+强齐套；学校医院交期刚性,西部信息化人才稀缺，上线后无人维护风险高→方案需写明驻场与指定对接人,招标项目的齐套与交期看板,官网联系我们页 + 品牌资料页 · 核实日 2026-09-11,中,2026-09-11
B,维持 B —— 官网数据停留在 2013 年，先电话核实现状,其他 · 山东 滨州,山东省博兴县金泰利彩钢板有限公司,山东,滨州博兴,http://www.sdjtlgb.com.cn,彩涂钢卷 / 镀锌钢板 / 冷轧板；2002 年建博兴第一条彩涂钢卷线,✓ 一致（官网自述与名单相同），但**官网数据停留在 2013 年口径**（3 条线 / 30 万吨 / 产值 11.8 亿）→ 现状必须电话核实，否则不可作为决策依据,官网 ∩ 名优资源网 ∩ 跨国采购网 → 3 条线 / 30 万吨 / 产值 11.8 亿三处相同；**但均为 2013 年口径** → 交叉验证只能证明「同一份旧资料被反复转载」，现状必须电话核,0543-2760067 · 0543-2760019 · 13356293136 · 18654369773（赵经理）,jintailigangtie@163.com,山东省滨州市博兴县兴福镇福旺白铁市场,（待补）—— 官网口径停留在 2013 年；线上替代：0543-2760067 电话 + jintailigangtie@163.com，先核实现状,0543-2760067 / 0543-2760019；jintailigangtie@163.com；先核实 2013 年之后产线有无增减,卷材加工,彩涂钢卷/镀锌钢板，3条线,案例A,23,博兴第一条彩涂线，老厂有出口；30万吨产能,公开数据陈旧（2013年口径），现状需核实,卷料等级与批次管理,官网 + 名优资源网 + 跨国采购网 · 核实日 2026-09-11,中,2026-09-11
B,B → C（建议移出）—— 检索不到企业主体页，先按工商全称核对,其他 · 山东 淄博,山东辰贝驰新材料有限公司,山东,淄博临淄,未检索到官网/有效公开页（本轮检索无结果）,,✗ 无法验证：原线索来自推广页，检索不到企业主体页 → 建议**先移出名单**，或按工商名称核对后再放回,多轮检索（官网 / 工商 / 行业站）均无结果 → **无法交叉验证**：建议先移出名单，或按工商名称核对后再放回,,,淄博临淄（待核实）,（建议移出，不再补）,暂缓 —— 先按工商全称（含统一社会信用代码）核对主体后再接触,卷材加工,热镀锌板/彩涂板/净化板；6条线，年产100万吨,案例A,23,中型、品类多、有出口条件,信息来源为推广页，需核实,彩涂线成材率与呆滞预警,检索无结果 · 核实日 2026-09-11,低,2026-09-11
B,B → C —— 2000+ 人、1100 亩、国家级单项冠军：只能做标杆，不适合做试点,其他 · 天津,天津市新宇彩板有限公司,天津,天津,http://www.tjxycb.com,聚酯/高耐候/氟碳/硅改/光伏专用彩涂板、畜牧板、抗静电板、隔热板、自清洁板、印花板等；镀锌铝镁板、55% 镀铝锌板、镀锌板、黑退板、冷轧板、酸洗板,✓ 一致但**规模远超甜点区**：2002 年成立、注册资本 3 亿、员工 2000 余人、三座工厂 1100 亩、年综合产能 350 万吨、彩涂单一 260 万吨、出口 70+ 国、功能性彩涂板入选国家级制造业单项冠军 → 优先级应从 B 降到 C（只能做标杆案例，不适合做试点客户）,官网 ∩ 百度百科 → 2002 年成立 / 注册资本 3 亿 / 员工 2000 余人 / 三座工厂 1100 亩 / 彩涂 260 万吨 / 出口 70+ 国一致；规模远超甜点区（只能做标杆）,400-630-8518（24 小时）· 022-23983157,xinyucaiban@126.com,天津市西青区精武镇南河工业园民兴路 8 号,（待补）—— 线上替代：400-630-8518（24 小时）+ xinyucaiban@126.com；作为标杆案例素材，暂不投入,400-630-8518（24h）；xinyucaiban@126.com；作为标杆案例素材，不作为试点客户,卷材加工,彩涂板/镀铝锌/镀锌/冷轧；产能数百万吨,案例A,22,高新技术企业、专利多、出口海内外,体量可能偏大（营收或超百亿），优先级应下调,卷料追溯与出海认证资料,官网 + 百度百科 · 核实日 2026-09-11,中,2026-09-11
B,B → A —— 官网：三大类产品线 + 医院/法院/万达工程案例，工程属性强,其他 · 河北 沧州,任丘市益德门业有限公司,河北,沧州河间,https://www.yide119.com,超低能耗系列（被动门 / 被动窗 / 被动式防火门）· 防火门系列（钢质防火卷帘 / 特级防火卷帘折叠提升式 / 双轨双帘 / 挡烟垂壁 / 钢质防火门 / 管道井门）· 医用门系列（钢质医用门 / 气密自动门 / 防辐射自动门 / 净化门 / 学校抗菌门）,✓ 一致并更丰富：官网自述 2006 年成立、注册资金 9980 万、厂房 45000㎡、60+ 项资质荣誉；案例含医院 / 法院 / 万达广场 / 酒店 → 工程属性成立；注意其『被动门·被动窗』属超低能耗新品类（我们原先未记录）,官网首页 ∩ 关于我们（资质 60+ 项）∩ 工程案例（医院/法院/万达/酒店）→ 2006 年成立 / 注册资金 9980 万 / 厂房 45000㎡一致；「被动门·被动窗」为新补充品类,13513493191,z17121055555@163.com,河北省沧州市河间市边边工业区（注册主体名是任丘，厂址在河间）,（待补）—— 无官网；线上替代：总机 13513493191 + z17121055555@163.com；工程案例（医院/法院/万达）可作谈资,总机 13513493191 / 邮箱 z17121055555@163.com；地址在河间市边边工业区（不是任丘市区）；先问「被动门这条线跑起来了没」,门业,钢质/特级防火卷帘、防火门、防火窗、挡烟垂壁,案例B,21,消防产品→备案与追溯；工程安装→齐套,厂房规模与现金流需核实,消防产品备案资料与项目齐套,官网首页 + 关于我们 · 核实日 2026-09-11,低,2026-09-11
B,B → C —— 注册资金仅 500 万，仅 B2B 页面，公开信息太薄,其他 · 辽宁,辽宁中安华泰防火门业有限公司,辽宁,辽宁（需核实）,未找到官网（仅 B2B 平台页）,防火门（批发/工程）,✗ 弱：工商显示 2005-05-18 成立、**注册资本仅 500 万**、法人唐军产；『年产 10 万樘』来自推广文，无官网佐证 → 建议**降级为 C（观察）**或移出,B2B 平台页 ∩ 住建资质网工商信息 → 2005-05-18 成立 / 注册资本仅 500 万 / 法人唐军产一致；**「年产 10 万樘」仅推广文**，无官网佐证 → 建议降 C 或移出,024-24770099 · 15804006911,,沈阳市浑南区文溯街 17-48 号,（待补）—— 仅有 B2B 页面；线上替代：024-24770099（备用 15804006911）,024-24770099（备用 15804006911）；先核实是否仍做防火门工程与年产规模,门业,甲乙丙级防火门/安全门；年产约10万樘,案例B,21,产能适中10万樘、日产300樘；消防资质,信息来源为推广文；需核实员工与系统现状,防火门等级与批次管理,B2B 平台页 + 住建资质网工商信息 · 核实日 2026-09-11,低,2026-09-11
